Ionization_Mode,DTXSID,Preferred_Name,MS_READY_DTXCID,MS_READY_FORMULA,MS_READY_MONOISOTOPIC_MASS,MS_READY_SMILES,mean_RT,Observed_Isomer,Isomer_Number,Isomer_Order,Corrected_HighConc,Corrected_MidConc,Corrected_LowConc,mean_High_Intensity,mean_Mid_Intensity,mean_Low_Intensity,std_High_Intensity,std_Mid_Intensity,std_Low_Intensity
Esi+,DTXSID0020311,Monuron,DTXCID80311,C9H11ClN2O,198.0559907,CN(C)C(=O)NC1=CC=C(Cl)C=C1,3.23,0,,,0.49,0.122,0.024,12504328,4920124,988659,,,
Esi+,DTXSID0020446,Diuron,DTXCID00446,C9H10Cl2N2O,232.0170184,CN(C)C(=O)NC1=CC(Cl)=C(Cl)C=C1,5.7,0,,,0.49,0.122,0.024,20160320,6276298,1465305,,,
Esi+,DTXSID0020577,Ethionamide,DTXCID00577,C8H10N2S,166.0564695,CCC1=NC=CC(=C1)C(N)=S,1.8,0,,,0.49,0.122,0.024,14123976,4338620,937058,1773378,172828,130306
Esi+,DTXSID0021125,Phenolphthalein,DTXCID901125,C20H14O4,318.0892089,OC1=CC=C(C=C1)C1(OC(=O)C2=C1C=CC=C2)C1=CC=C(O)C=C1,5.12,0,,,0.49,0.122,0.024,4249976,1019892,178219,,,
Esi+,DTXSID0021256,Sulfasalazine,DTXCID80809755,C18H14N4O5S,398.0684907,OC(=O)C1=CC(=CC=C1O)N=NC1=CC=C(C=C1)S(=O)(=O)NC1=CC=CC=N1,3.24,0,,,0.49,0.122,0.024,4067843,1454290,306596,,,
Esi+,DTXSID0021337,Thiabendazole,DTXCID401337,C10H7N3S,201.0360684,N1C2=C(C=CC=C2)N=C1C1=CSC=N1,2.68,0,,,0.49,0.122,0.024,15747970,6071164,1218876,,,
Esi+,DTXSID0022563,Albendazole,DTXCID202563,C12H15N3O2S,265.0884979,CCCSC1=CC=C2NC(NC(=O)OC)=NC2=C1,6.84,0,,,0.49,0.122,0.024,32233972,9911450,1972462,,,
Esi+,DTXSID0022777,Celecoxib,DTXCID502777,C17H14F3N3O2S,381.0758824,CC1=CC=C(C=C1)C1=CC(=NN1C1=CC=C(C=C1)S(N)(=O)=O)C(F)(F)F,9.02,0,,,0.49,0.122,0.024,1167245,589697,169924,,,
Esi+,DTXSID0023951,Carboxin,DTXCID003951,C12H13NO2S,235.0666998,CC1=C(SCCO1)C(=O)NC1=CC=CC=C1,4.11,0,,,0.49,0.122,0.024,14664020,5093704,928312,,,
Esi+,DTXSID0025101,3-Dimethylaminophenol,DTXCID105101,C8H11NO,137.084064,CN(C)C1=CC=CC(O)=C1,2.23,0,,,0.49,0.122,0.024,3674650,1088345,198677,,,
Esi+,DTXSID0032493,Triadimenol,DTXCID8012493,C14H18ClN3O2,295.1087545,CC(C)(C)C(O)C(OC1=CC=C(Cl)C=C1)N1C=NC=N1,8.34,1,1,First,0.49,0.122,0.024,21092838,6503506,1381951,,,
Esi+,DTXSID0032493,Triadimenol,DTXCID8012493,C14H18ClN3O2,295.1087545,CC(C)(C)C(O)C(OC1=CC=C(Cl)C=C1)N1C=NC=N1,8.47,1,2,Second,0.49,0.122,0.024,2594166,911530,213277,,,
Esi+,DTXSID0032520,Azoxystrobin,DTXCID90810433,C22H17N3O5,403.1168207,COC=C(C(=O)OC)C1=CC=CC=C1OC1=CC(OC2=CC=CC=C2C#N)=NC=N1,7.49,0,,,0.49,0.122,0.024,29633876,11540502,2303995,,,
Esi+,DTXSID0032578,Thiodicarb,DTXCID50810232,C10H18N4O4S3,354.0490186,CSC(C)=NOC(=O)N(C)SN(C)C(=O)ON=C(C)SC,4.99,0,,,0.49,0.122,0.024,5691633,2002440,326083,,,
Esi+,DTXSID0034223,Tebufenpyrad,DTXCID8014223,C18H24ClN3O,333.1607901,CCC1=NN(C)C(C(=O)NCC2=CC=C(C=C2)C(C)(C)C)=C1Cl,11.62,0,,,0.49,0.122,0.024,85110192,30183712,6980727,,,
Esi+,DTXSID0034227,Icaridin,DTXCID8014227,C12H23NO3,229.1677936,CCC(C)OC(=O)N1CCCCC1CCO,6.79,0,,,0.49,0.122,0.024,19444276,6538205,1196055,,,
Esi+,DTXSID0034776,Tolclofos-methyl,DTXCID8014776,C9H11Cl2O3PS,299.9543578,COP(=S)(OC)OC1=C(Cl)C=C(C)C=C1Cl,7.9,0,,,0.49,0.122,0.024,2308712,785524,139872,,,
Esi+,DTXSID0034803,Penoxsulam,DTXCID8014803,C16H14F5N5O5S,483.0635806,COC1=CN=C(OC)N2N=C(NS(=O)(=O)C3=C(C=CC=C3OCC(F)F)C(F)(F)F)N=C12,3.28,0,,,0.49,0.122,0.024,10410368,5050983,849589,,,
Esi+,DTXSID0034855,Fluazifop-P-butyl,DTXCID1014612,C19H20F3NO4,383.1344426,CCCCOC(=O)C(C)OC1=CC=C(OC2=CC=C(C=N2)C(F)(F)F)C=C1,11.86,0,,,0.49,0.122,0.024,61852000,24691574,4467568,,,
Esi+,DTXSID0034930,Fosthiazate,DTXCID8014930,C9H18NO3PS2,283.0465728,CCOP(=O)(SC(C)CC)N1CCSC1=O,5.15,0,,,0.49,0.122,0.024,26059844,7880857,1268957,,,
Esi+,DTXSID0037237,Glybenclamide,DTXCID8017237,C23H28ClN3O5S,493.1438199,COC1=C(C=C(Cl)C=C1)C(=O)NCCC1=CC=C(C=C1)S(=O)(=O)NC(=O)NC1CCCCC1,8.37,0,,,0.49,0.122,0.024,15046218,6674044,1519397,,,
Esi+,DTXSID0037493,Atraton,DTXCID8017493,C9H17N5O,211.1433102,CCNC1=NC(NC(C)C)=NC(OC)=N1,5.05,0,,,0.392,0.0976,0.0192,24770840,6837397,1131845,,,
Esi+,DTXSID0037522,Dialifor,DTXCID8017522,C14H17ClNO4PS2,393.0025151,CCOP(=S)(OCC)SC(CCl)N1C(=O)C2=C(C=CC=C2)C1=O,10.74,0,,,0.49,0.122,0.024,6581921,2331747,434003,,,
Esi+,DTXSID0037576,Monolinuron,DTXCID8017576,C9H11ClN2O2,214.0509053,CON(C)C(=O)NC1=CC=C(Cl)C=C1,4.47,0,,,0.732,0.244,0.061,27301542,13701450,3194057,,,
Esi+,DTXSID0038887,Fluorescein,DTXCID8018887,C20H12O5,332.0684735,OC1=CC2=C(C=C1)C1(OC(=O)C3=C1C=CC=C3)C1=C(O2)C=C(O)C=C1,3.29,0,,,0.49,0.122,0.024,17713423,8121935,1449376,13204005,8231861,1513606
Esi+,DTXSID0040674,Fluocinolone acetonide,DTXCID50209667,C24H30F2O6,452.201045,CC1(C)OC2CC3C4CC(F)C5=CC(=O)C=CC5(C)C4(F)C(O)CC3(C)C2(O1)C(=O)CO,6.79,0,,,0.49,0.122,0.024,8236292,3720350,808676,,,
Esi+,DTXSID0040676,Glipizide,DTXCID8020676,C21H27N5O4S,445.1783755,CC1=NC=C(N=C1)C(=O)NCCC1=CC=C(C=C1)S(=O)(=O)NC(=O)NC1CCCCC1,5.32,0,,,0.196,0.0488,0.0096,1752958,963435,212671,,,
Esi+,DTXSID0040705,Cinchophen,DTXCID8020705,C16H11NO2,249.0789786,OC(=O)C1=C2C=CC=CC2=NC(=C1)C1=CC=CC=C1,2.09,0,,,0.49,0.122,0.024,13473054,3977265,682177,955458,670896,98008
Esi+,DTXSID0040707,4-Pentylaniline,DTXCID8020707,C11H17N,163.1360996,CCCCCC1=CC=C(N)C=C1,8.7,0,,,0.49,0.122,0.024,718810,240144,54049,,,
Esi+,DTXSID0041220,"cis-1,2,3,6-Tetrahydrophthalimide",DTXCID106513,C8H9NO2,151.0633285,O=C1NC(=O)C2CC=CCC12,5.66,0,,,0.49,0.122,0.024,333906,143096,,,,
Esi+,DTXSID0041985,Fluorosalan,DTXCID8021985,C14H8Br2F3NO2,436.887389,OC1=C(C=C(Br)C=C1Br)C(=O)NC1=CC(=CC=C1)C(F)(F)F,8.7,0,,,0.49,0.122,0.024,366426,208787,67591,,,
Esi+,DTXSID0042086,Laurocapram,DTXCID8022086,C18H35NO,281.2718648,CCCCCCCCCCCCN1CCCCCC1=O,14.16,0,,,0.49,0.122,0.024,122953128,35861328,7406125,,,
Esi+,DTXSID0042117,Mecarbam,DTXCID8022117,C10H20NO5PS2,329.0520521,CCOC(=O)N(C)C(=O)CSP(=S)(OCC)OCC,8.78,0,,,0.49,0.122,0.024,19332508,6900936,1393732,,,
Esi+,DTXSID0044654,Labetalol hydrochloride,DTXCID603191,C19H24N2O3,328.1786926,CC(CCC1=CC=CC=C1)NCC(O)C1=CC=C(O)C(=C1)C(N)=O,2.98,0,,,0.49,0.122,0.024,28738806,11663316,2295423,,,
Esi+,DTXSID0044737,"4-(2,5-Diethoxy-4-nitrophenyl)morpholine",DTXCID8024737,C14H20N2O5,296.1372218,CCOC1=CC(=C(OCC)C=C1N1CCOCC1)[N+]([O-])=O,6.76,0,,,0.392,0.0976,0.0192,16217444,6725600,1170737,,,
Esi+,DTXSID0044868,"N-(2,4-Dimethylphenyl)acetamide",DTXCID8024868,C10H13NO,163.099714,CC(=O)NC1=CC=C(C)C=C1C,2.63,0,,,0.49,0.122,0.024,13460391,4565359,967909,,,
Esi+,DTXSID0044995,9-Ethyl-3-nitro-9H-carbazole,DTXCID8024995,C14H12N2O2,240.0898776,CCN1C2=C(C=CC=C2)C2=C1C=CC(=C2)[N+]([O-])=O,9.21,0,,,0.4165,0.1037,0.0204,4063433,1897523,329173,617356,123703,162878
Esi+,DTXSID0047248,CI-1018,DTXCID30210195,C24H20N4O2,396.1586259,Cc1cc2CCN3c2c(c1)C(=NC(NC(=O)c1ccncc1)C3=O)c1ccccc1,7.65,0,,,0.49,0.122,0.024,35242640,11757998,2473425,,,
Esi+,DTXSID0047290,UK-416244,DTXCID8027290,C17H22N2O3S2,366.1071849,CSC1=CC=C(OC2=CC=C(C=C2CN(C)C)S(N)(=O)=O)C=C1C,4.74,0,,,0.49,0.122,0.024,26822688,8588377,1595434,,,
Esi+,DTXSID0047294,CP-863187,DTXCID8027294,C18H14F2N4O,340.1135674,CC(C)C1=NN=C2C=CC(=CN12)C1=C(N=CO1)C1=CC(F)=CC=C1F,5.68,0,,,0.49,0.122,0.024,34906076,11241762,1600085,,,
Esi+,DTXSID0047325,SB413217A,DTXCID201065035,C30H35FN4O2,502.2744045,CC1=NC(=NO1)C1=CC=C2CCN(CCC3CCC(CC3)NC(=O)C=CC3=CC=C(F)C=C3)CCC2=C1,7.6,0,,,0.2205,0.0549,0.0108,21793510,6053189,1157576,,,
Esi+,DTXSID0047327,MK-578,DTXCID80210221,C35H47FN4O2,574.3683049,CCN1N=C(CC2=CC=CC=C2)C=C1C1CCN(CC2CC(CC2C2=CC=CC(F)=C2)N(C)C(C(C)C)C(O)=O)CC1,8.1,0,,,0.441,0.1098,0.0216,18448822,6582935,1554833,,,
Esi+,DTXSID0047375,AVE9423,DTXCID8027375,C23H12Cl2F2N2O5,504.0091332,OC(=O)C1=CC=CC=C1N1C=C(C(O)=O)C(=O)C2=C1C=C(Cl)C(NC1=C(F)C=C(F)C=C1Cl)=C2,6.63,0,,,0.49,0.122,0.024,2929529,1758403,370541,,,
Esi+,DTXSID0047377,AVE6324,DTXCID10197213,C31H35ClN4O7S,642.1914984,CCOC(=O)OC(C)OC(=O)c1ccc2n(Cc3cc(on3)-c3ccc(Cl)s3)c(cc2c1)C(=O)NC1CCN(CC1)C(C)C,10.47,0,,,0.49,0.122,0.024,71260699,17658935,3684088,,,
Esi+,DTXSID0047379,SSR126768,DTXCID70197214,C33H31Cl2N3O4,603.1691619,CCN(Cc1cccnc1)C(=O)c1cccc(Cl)c1C1(C)C(=O)N(Cc2ccc(OC)cc2OC)c2ccc(Cl)cc12,11.12,0,,,0.49,0.122,0.024,40439628,13047063,2470446,,,
Esi+,DTXSID0047404,Methapyrilene fumarate,DTXCID003278,C14H19N3S,261.1299688,CN(C)CCN(CC1=CC=CS1)C1=CC=CC=N1,2.81,0,,,0.49,0.122,0.024,33479300,9738126,1703039,,,
Esi+,DTXSID0047450,5-Chlorobenzotriazole,DTXCID8027450,C6H4ClN3,153.0093748,ClC1=CC2=C(NN=N2)C=C1,2.73,0,,,0.49,0.122,0.024,1149274,627981,124644,,,
Esi+,DTXSID0047456,"2-Norbornene-5,6-dicarboxylic anhydride",DTXCID8027456,C9H8O3,164.0473441,O=C1OC(=O)C2C3CC(C=C3)C12,8.29,0,,,0.49,0.122,0.024,230307,88726,,,,
Esi+,DTXSID0047589,6-Pentyl-2H-pyran-2-one,DTXCID8027589,C10H14O2,166.0993797,CCCCCC1=CC=CC(=O)O1,5.85,0,,,0.49,0.122,0.024,2040037,,,,,
Esi+,DTXSID0047662,Iprovalicarb,DTXCID50210253,C18H28N2O3,320.2099928,CC(C)OC(=O)NC(C(C)C)C(=O)NC(C)C1=CC=C(C)C=C1,8.93,0,,,0.49,0.122,0.024,51676544,17516632,2791889,,,
Esi+,DTXSID0048185,Apomorphine hydrochloride hydrate,DTXCID20196878,C17H17NO2,267.1259288,CN1CCC2=CC=CC3=C2C1CC1=C3C(O)=C(O)C=C1,2.59,0,,,0.196,0.0488,0.0096,5872546,3818643,525023,2331613,1678954,
Esi+,DTXSID0048505,PharmaGSID_48505,DTXCID3028479,C17H12ClN5O2,353.0679523,CC1=C2N=C(C3=CC=CC=C3Cl)C3=C(NC2=NN1)C=CC(=C3)[N+]([O-])=O,7.8,0,,,0.49,0.122,0.024,11357657,5562609,932765,,,
Esi+,DTXSID0048507,PharmaGSID_48507,DTXCID2028482,C18H18F2N4O3,376.1346968,CN1C(=O)C=C(OC2=C(F)C=C(F)C=C2)C2=C1N=C(NCC(C)(C)O)N=C2,6.61,0,,,0.49,0.122,0.024,25976270,9589896,1716480,,,
Esi+,DTXSID1020069,2-Amino-5-azotoluene,DTXCID4069,C14H15N3,225.1265975,CC1=C(N)C=CC(=C1)N=NC1=C(C)C=CC=C1,8.9,0,,,0.49,0.122,0.024,29804878,8761853,1738501,,,
Esi+,DTXSID1020142,"6-Phenyl-1,3,5-triazine-2,4-diamine",DTXCID50142,C9H9N5,187.0857953,NC1=NC(=NC(N)=N1)C1=CC=CC=C1,1.58,0,,,0.49,0.122,0.024,20417112,7543777,1221535,,,
Esi+,DTXSID1020803,Meloxicam,DTXCID30208734,C14H13N3O4S2,351.0347483,CN1C(C(=O)NC2=NC=C(C)S2)C(=O)C2=C(C=CC=C2)S1(=O)=O,2.93,0,,,0.49,0.122,0.024,7793335,3569784,552225,,,
Esi+,DTXSID1021116,Phenacetin,DTXCID001116,C10H13NO2,179.0946287,CCOC1=CC=C(NC(C)=O)C=C1,2.27,0,,,0.49,0.122,0.024,14120627,5803122,953791,,,
Esi+,DTXSID1021118,Phenazopyridine hydrochloride,DTXCID303445,C11H11N5,213.1014454,NC1=CC=C(N=NC2=CC=CC=C2)C(N)=N1,5.76,0,,,0.49,0.122,0.024,24544100,9149602,1647499,,,
Esi+,DTXSID1021247,C.I. Basic Red 9 monohydrochloride,DTXCID3023845,C19H17N3,287.1422476,NC1=CC=C(C=C1)C(C1=CC=C(N)C=C1)=C1C=CC(=N)C=C1,2.5,0,,,0.49,0.122,0.024,23863726,6614748,1264143,,,
Esi+,DTXSID1021322,Disulfiram,DTXCID101322,C10H20N2S4,296.0509333,CCN(CC)C(=S)SSC(=S)N(CC)CC,8.66,0,,,0.732,0.244,0.061,3942171,1234237,172599,,,
Esi+,DTXSID1021952,Triphenyl phosphate,DTXCID201952,C18H15O4P,326.070796,O=P(OC1=CC=CC=C1)(OC1=CC=CC=C1)OC1=CC=CC=C1,10.08,0,,,0.49,0.122,0.024,25897301,11056675,2097160,,,
Esi+,DTXSID1022394,Biochanin A,DTXCID102394,C16H12O5,284.0684735,COC1=CC=C(C=C1)C1=COC2=C(C(O)=CC(O)=C2)C1=O,7.05,0,,,0.732,0.244,0.061,14162305,5630948,1139938,,,
Esi+,DTXSID1022421,Melatonin,DTXCID002421,C13H16N2O2,232.1211778,COC1=CC2=C(NC=C2CCNC(C)=O)C=C1,1.83,0,,,0.732,0.244,0.061,35950180,16168785,4239256,,,
Esi+,DTXSID1023869,Ametryn,DTXCID303869,C9H17N5S,227.1204667,CCNC1=NC(SC)=NC(NC(C)C)=N1,6.91,0,,,0.49,0.122,0.024,46719636,16471251,2929917,,,
Esi+,DTXSID1023990,Cyanazine,DTXCID803990,C9H13ClN6,240.0890221,CCNC1=NC(NC(C)(C)C#N)=NC(Cl)=N1,3.42,0,,,0.732,0.244,0.061,7618237,3336557,695246,,,
Esi+,DTXSID1024338,Thiophanate-methyl,DTXCID104338,C12H14N4O4S2,342.0456473,COC(=O)NC(=S)NC1=C(NC(=S)NC(=O)OC)C=CC=C1,3.66,0,,,0.49,0.122,0.024,16224142,5864194,1053764,1982611,108116,98586
Esi+,DTXSID1025300,2-Ethylhexyl diphenyl phosphate,DTXCID105300,C20H27O4P,362.1646963,CCCCC(CC)COP(=O)(OC1=CC=CC=C1)OC1=CC=CC=C1,13.24,0,,,0.49,0.122,0.024,30945886,9428396,1731517,,,
Esi+,DTXSID1025560,5-Methoxypsoralen,DTXCID305560,C12H8O4,216.0422587,COC1=C2C=COC2=CC2=C1C=CC(=O)O2,4.64,0,,,0.49,0.122,0.024,12235484,4786301,1083201,,,
Esi+,DTXSID1027344,Azacyclotridecan-2-one,DTXCID107344,C12H23NO,197.1779644,O=C1CCCCCCCCCCCN1,7.29,0,,,0.49,0.122,0.024,32152911,12417761,2292703,,,
Esi+,DTXSID1027479,2-(2H-Benzotriazol-2-yl)-4-methylphenol,DTXCID207479,C13H11N3O,225.090212,CC1=CC(N2N=C3C=CC=CC3=N2)=C(O)C=C1,10.11,0,,,0.49,0.122,0.024,1634615,517722,106358,,,
Esi+,DTXSID1032355,Clomazone,DTXCID9012355,C12H14ClNO2,239.0713064,CC1(C)CON(CC2=C(Cl)C=CC=C2)C1=O,6.5,0,,,0.49,0.122,0.024,16139083,6561887,1327312,,,
Esi+,DTXSID1032359,Cyprodinil,DTXCID9012359,C14H15N3,225.1265975,CC1=NC(NC2=CC=CC=C2)=NC(=C1)C1CC1,9.11,0,,,0.49,0.122,0.024,58589040,19396188,3302312,,,
Esi+,DTXSID1032482,Tebupirimfos,DTXCID9012482,C13H23N2O3PS,318.1167008,CCOP(=S)(OC(C)C)OC1=CN=C(N=C1)C(C)(C)C,11.83,0,,,0.49,0.122,0.024,54972448,16686256,3265332,,,
Esi+,DTXSID1032488,Thiazopyr,DTXCID9012488,C16H17F5N2O2S,396.0930898,COC(=O)C1=C(CC(C)C)C(C2=NCCS2)=C(N=C1C(F)F)C(F)(F)F,10.17,0,,,0.49,0.122,0.024,33278194,12422050,2594211,,,
Esi+,DTXSID1032519,Acibenzolar-S-methyl,DTXCID9012519,C8H6N2OS2,209.9921552,CSC(=O)C1=CC=CC2=C1SN=N2,5.95,0,,,0.49,0.122,0.024,3238494,1629746,326591,,,
Esi+,DTXSID1032569,Pirimicarb,DTXCID9012569,C11H18N4O2,238.1429758,CN(C)C(=O)OC1=C(C)C(C)=NC(=N1)N(C)C,5.19,0,,,0.49,0.122,0.024,40936074,12179319,2296145,11883601,3415108,497760
Esi+,DTXSID1032640,Pyriproxyfen,DTXCID9012640,C20H19NO3,321.1364935,CC(COC1=CC=C(OC2=CC=CC=C2)C=C1)OC1=NC=CC=C1,11.75,0,,,0.49,0.122,0.024,83303248,29815954,5275440,,,
Esi+,DTXSID1032648,Z-Tetrachlorvinphos,DTXCID301320,C10H9Cl4O4P,363.8992566,COP(=O)(OC)OC(=CCl)C1=C(Cl)C=C(Cl)C(Cl)=C1,9.26,0,,,0.49,0.122,0.024,13520615,5793086,1046160,,,
Esi+,DTXSID1032690,Indoxacarb,DTXCID1020801,C22H17ClF3N3O7,527.0707121,COC(=O)N(C(=O)N1COC2(CC3=C(C=CC(Cl)=C3)C2=N1)C(=O)OC)C1=CC=C(OC(F)(F)F)C=C1,11.27,0,,,0.392,0.0976,0.0192,29047696,11846233,2547663,,,
Esi+,DTXSID1033664,17-Methyltestosterone,DTXCID20208864,C20H30O2,302.2245802,CC1(O)CCC2C3CCC4=CC(=O)CCC4(C)C3CCC12C,8.55,0,,,0.49,0.122,0.024,16687410,6937953,1709829,2116980,695709,128818
Esi+,DTXSID1034181,Raloxifene hydrochloride,DTXCID803550,C28H27NO4S,473.1660795,OC1=CC=C(C=C1)C1=C(C(=O)C2=CC=C(OCCN3CCCCC3)C=C2)C2=CC=C(O)C=C2S1,5.35,0,,,0.49,0.122,0.024,49247212,14538305,2411117,,,
Esi+,DTXSID1034187,Tamoxifen,DTXCID20809976,C26H29NO,371.2249146,CCC(=C(C1=CC=CC=C1)C1=CC=C(OCCN(C)C)C=C1)C1=CC=CC=C1,11.32,0,,,0.245,0.061,0.012,45880229,13032707,2345344,14598720,5382930,750339
Esi+,DTXSID1034210,Prodiamine,DTXCID9014210,C13H17F3N4O4,350.1201895,CCCN(CCC)C1=C(C(N)=C(C=C1[N+]([O-])=O)C(F)(F)F)[N+]([O-])=O,11.85,0,,,0.49,0.122,0.024,6888922,2561842,518078,,,
Esi+,DTXSID1034769,Nonivamide,DTXCID9014769,C17H27NO3,293.1990937,CCCCCCCCC(=O)NCC1=CC(OC)=C(O)C=C1,8.61,0,,,0.732,0.244,0.061,21932898,9622410,2282711,,,
Esi+,DTXSID1034844,Procyazine,DTXCID9014844,C10H13ClN6,252.0890221,CC(C)(NC1=NC(Cl)=NC(NC2CC2)=N1)C#N,3.78,0,,,0.4165,0.1037,0.0204,8289832,3613663,863407,4439607,1474988,265340
Esi+,DTXSID1037272,Tacrine,DTXCID9017272,C13H14N2,198.1156985,NC1=C2CCCCC2=NC2=C1C=CC=C2,1.44,0,,,0.294,0.0732,0.0144,8779231,2557269,549518,,,
Esi+,DTXSID1037515,Crufomate,DTXCID9017515,C12H19ClNO3P,291.0791082,CNP(=O)(OC)OC1=CC=C(C=C1Cl)C(C)(C)C,9.46,0,,,0.49,0.122,0.024,36820148,13832862,2597784,,,
Esi+,DTXSID1038822,Neopentyl glycol dibenzoate,DTXCID9018822,C19H20O4,312.1361591,CC(C)(COC(=O)C1=CC=CC=C1)COC(=O)C1=CC=CC=C1,11.11,0,,,0.49,0.122,0.024,13219127,6292520,1226087,,,
Esi+,DTXSID1040324,m-Cumenyl methylcarbamate,DTXCID9020324,C11H15NO2,193.1102787,CNC(=O)OC1=CC=CC(=C1)C(C)C,5.55,0,,,0.49,0.122,0.024,12849713,4828899,,,,
Esi+,DTXSID1040372,Epoxiconazole,DTXCID9020372,C17H13ClFN3O,329.0731179,FC1=CC=C(C=C1)C1(CN2C=NC=N2)OC1C1=C(Cl)C=CC=C1,8.8,0,,,0.49,0.122,0.024,17626398,7219190,1404071,,,
Esi+,DTXSID1040742,Triamcinolone,DTXCID60209673,C21H27FO6,394.1791668,CC12CC(O)C3(F)C(CCC4=CC(=O)C=CC34C)C1CC(O)C2(O)C(=O)CO,3.26,0,,,0.49,0.122,0.024,1643025,569579,,,,
Esi+,DTXSID1041421,"5,7-Dimethoxy-2H-chromen-2-one",DTXCID9021421,C11H10O4,206.0579088,COC1=CC2=C(C=CC(=O)O2)C(OC)=C1,4.4,0,,,0.49,0.122,0.024,17525586,6279568,1373423,1945408,587345,249885
Esi+,DTXSID1042077,Isoproturon,DTXCID9022077,C12H18N2O,206.1419132,CC(C)C1=CC=C(NC(=O)N(C)C)C=C1,5.6,0,,,0.3185,0.0793,0.0156,15755263,5188438,914701,,,
Esi+,DTXSID1042154,Methyl red,DTXCID70809724,C15H15N3O2,269.1164267,CN(C)C1=CC=C(C=C1)N=NC1=CC=CC=C1C(O)=O,4.59,0,,,0.49,0.122,0.024,26314072,10557015,,,,
Esi+,DTXSID1042360,Pyrinuron,DTXCID9022360,C13H12N4O3,272.0909403,[O-][N+](=O)C1=CC=C(NC(=O)NCC2=CC=CN=C2)C=C1,3.46,0,,,0.098,0.0244,0.0048,2225908,1106778,293079,,,
Esi+,DTXSID1042441,Terbucarb,DTXCID9022441,C17H27NO2,277.2041791,CNC(=O)OC1=C(C=C(C)C=C1C(C)(C)C)C(C)(C)C,11.2,0,,,0.49,0.122,0.024,27613106,7701278,1521922,,,
Esi+,DTXSID1044481,"1,1'-Disulfanediyldiazepan-2-one",DTXCID9024481,C12H20N2O2S2,288.0966202,O=C1CCCCCN1SSN1CCCCCC1=O,5.3,0,,,0.49,0.122,0.024,28438792,9009497,1624702,,,
Esi+,DTXSID1044691,2-(Propan-2-yl)-9H-thioxanthen-9-one,DTXCID9024691,C16H14OS,254.0765362,CC(C)C1=CC2=C(SC3=C(C=CC=C3)C2=O)C=C1,11.27,0,,,0.49,0.122,0.024,36165592,10915754,2315724,,,
Esi+,DTXSID1044982,2-Amino-N-cyclohexyl-N-methylbenzenesulfonamide,DTXCID9024982,C13H20N2O2S,268.1245491,CN(C1CCCCC1)S(=O)(=O)C1=CC=CC=C1N,7.72,0,,,0.49,0.122,0.024,15457870,6029363,1351432,447727,873006,265562
Esi+,DTXSID1047283,CP-728663,DTXCID00210208,C26H33N3O2,419.2572773,CCC1CCC(NCC2=CC3=C(C=C2OC)C2CC2C(=O)N3C)C(N1)C1=CC=CC=C1,4.99,0,,,0.49,0.122,0.024,24846676,7189627,979321,,,
Esi+,DTXSID1047289,UK-343664,DTXCID9027289,C28H35N7O4S,565.2471238,CCCOC1=C(C=C(C=C1)S(=O)(=O)N1CCN(CC)CC1)C1=NC2=C(CC)N(CC3=CC=CC=N3)N=C2C(=O)N1,7.12,0,,,0.245,0.061,0.012,17904384,5775219,1203685,,,
Esi+,DTXSID1047310,Farglitazar,DTXCID50210218,C34H30N2O5,546.2154721,CC1=C(CCOC2=CC=C(CC(NC3=CC=CC=C3C(=O)C3=CC=CC=C3)C(O)=O)C=C2)N=C(O1)C1=CC=CC=C1,10.79,0,,,0.441,0.1098,0.0216,30551380,12608324,2051175,,,
Esi+,DTXSID1047316,Aplaviroc hydrochloride,DTXCID20197204,C33H43N3O6,577.3151861,CCCCN1C(=O)C(NC(=O)C11CCN(CC2=CC=C(OC3=CC=C(C=C3)C(O)=O)C=C2)CC1)C(O)C1CCCCC1,7.32,0,,,0.196,0.0488,0.0096,8371122,3103354,678091,,,
Esi+,DTXSID1047360,SR58611,DTXCID4027361,C22H26ClNO4,403.155036,CCOC(=O)COC1=CC2=C(CCC(C2)NCC(O)C2=CC(Cl)=CC=C2)C=C1,6.97,0,,,0.441,0.1098,0.0216,27267760,9968653,,,,
Esi+,DTXSID1047366,SAR115740,DTXCID9027366,C24H17F2N3O,401.1339685,FC1=CC=C2N(CC3=CC(F)=CC=C3)C(=CC2=C1)C(=O)NC1=CC=C2NC=CC2=C1,9.6,0,,,0.49,0.122,0.024,17825996,7927282,1517427,,,
Esi+,DTXSID1048172,PharmaGSID_48172,DTXCID2028147,C23H24N4O3S,436.1569118,O=C1N(CCC2=NOC(=N2)C2=CC=C(CN3CCCCCC3)S2)C(=O)C2=C1C=CC=C2,9.13,0,,,0.6222,0.2074,0.05185,33689160,8729660,1551447,,,
Esi+,DTXSID1048174,FR167356,DTXCID7028148,C19H17Cl2NO3,377.0585488,CC1=C(C2=C(O1)C(NC(=O)C1=C(Cl)C=CC=C1Cl)=CC=C2)C(C)(C)O,7.24,0,,,0.49,0.122,0.024,4820654,2075975,422752,,,
Esi+,DTXSID1048176,YM218,DTXCID40810483,C35H38F2N4O4,616.286112,CC1=C(C=CO1)C(=O)NC1=CC=C(C=C1)C(=O)N1CCC(F)(F)C(=CC(=O)N2CCC(CC2)N2CCCCC2)C2=CC=CC=C12,6.04,0,,,0.3185,0.0793,0.0156,22051592,6747689,1265403,,,
Esi+,DTXSID2020420,Propyzamide,DTXCID80420,C12H11Cl2NO,255.0217694,CC(C)(NC(=O)C1=CC(Cl)=CC(Cl)=C1)C#C,7.62,0,,,0.49,0.122,0.024,8160198,4074170,977837,,,
Esi+,DTXSID2020424,Chloranocryl,DTXCID00424,C10H9Cl2NO,229.0061193,CC(=C)C(=O)NC1=CC=C(Cl)C(Cl)=C1,7.41,0,,,0.49,0.122,0.024,2373476,1114898,224244,,,
Esi+,DTXSID2020501,Methadone hydrochloride,DTXCID003273,C21H27NO,309.2092645,CCC(=O)C(CC(C)N(C)C)(C1=CC=CC=C1)C1=CC=CC=C1,6.46,0,,,0.343,0.0854,0.0168,28305378,8134105,1265732,,,
Esi+,DTXSID2020894,Michler's ketone,DTXCID80894,C17H20N2O,268.1575633,CN(C)C1=CC=C(C=C1)C(=O)C1=CC=C(C=C1)N(C)C,8.43,0,,,0.49,0.122,0.024,36144512,13200501,2553117,,,
Esi+,DTXSID2021367,Toremifene citrate,DTXCID40810367,C26H28ClNO,405.1859422,CN(C)CCOC1=CC=C(C=C1)C(=C(CCCl)C1=CC=CC=C1)C1=CC=CC=C1,10.77,0,,,0.4165,0.1037,0.0204,68976824,17015204,3133975,,,
Esi+,DTXSID2021781,Dibutyl phthalate,DTXCID301781,C16H22O4,278.1518092,CCCCOC(=O)C1=CC=CC=C1C(=O)OCCCC,10.89,1,1,First,0.49,0.122,0.024,38058419,14001829,,,,
Esi+,DTXSID2021781,Dibutyl phthalate,DTXCID301781,C16H22O4,278.1518092,CCCCOC(=O)C1=CC=CC=C1C(=O)OCCCC,10.97,1,2,Second,0.49,0.122,0.024,37697524,14542935,2677851,,,
Esi+,DTXSID2022048,Flavone,DTXCID602048,C15H10O2,222.0680796,O=C1C=C(OC2=CC=CC=C12)C1=CC=CC=C1,7.28,0,,,0.49,0.122,0.024,26368508,10159233,1971100,,,
Esi+,DTXSID2022121,Triphenylphosphine oxide,DTXCID402121,C18H15OP,278.0860521,O=P(C1=CC=CC=C1)(C1=CC=CC=C1)C1=CC=CC=C1,7.37,0,,,0.49,0.122,0.024,35462555,11823043,2011399,,,
Esi+,DTXSID2022707,Buspirone,DTXCID402707,C21H31N5O2,385.2477753,O=C1CC2(CCCC2)CC(=O)N1CCCCN1CCN(CC1)C1=NC=CC=N1,6.04,0,,,0.49,0.122,0.024,60660964,16136067,2533786,,,
Esi+,DTXSID2022880,Danazol,DTXCID30209226,C22H27NO2,337.2041791,CC12CCC3C(CCC4=CC5=C(CC34C)C=NO5)C1CCC2(O)C#C,10.26,0,,,0.49,0.122,0.024,21949468,8516329,1580992,,,
Esi+,DTXSID2023224,Loratadine,DTXCID903224,C22H23ClN2O2,382.1448057,CCOC(=O)N1CCC(CC1)=C1C2=C(CCC3=C1N=CC=C3)C=C(Cl)C=C2,11,0,,,0.49,0.122,0.024,83623856,25242278,4985309,,,
Esi+,DTXSID2024086,Ethion,DTXCID204086,C9H22O4P2S4,383.9876179,CCOP(=S)(OCC)SCSP(=S)(OCC)OCC,11.99,0,,,0.49,0.122,0.024,32391444,10325732,1639928,,,
Esi+,DTXSID2024163,Linuron,DTXCID604163,C9H10Cl2N2O2,248.011933,CON(C)C(=O)NC1=CC=C(Cl)C(Cl)=C1,6.84,0,,,0.49,0.122,0.024,5692565,3203059,705319,,,
Esi+,DTXSID2024585,Benzo(f)quinoline,DTXCID804585,C13H9N,179.0734993,C1=CC=C2C(C=CC3=C2C=CC=N3)=C1,6.17,0,,,0.49,0.122,0.024,18365226,5440676,978433,,,
Esi+,DTXSID2024662,Brucine,DTXCID50197434,C23H26N2O4,394.1892573,[H]C12CC3([H])C4C5N6C7=C(C=C(OC)C(OC)=C7)C15CCN2CC3=CCOC4CC6=O,1.63,0,,,0.732,0.244,0.061,24810320,9766709,2170874,,,
Esi+,DTXSID2025680,MEHP,DTXCID105680,C16H22O4,278.1518092,CCCCC(CC)COC(=O)C1=CC=CC=C1C(O)=O,7.89,0,,,0.49,0.122,0.024,3104417,1699122,440121,,,
Esi+,DTXSID2025892,N-Phenyl-1-naphthylamine,DTXCID605892,C16H13N,219.1047994,N(C1=CC=CC=C1)C1=C2C=CC=CC2=CC=C1,9.99,0,,,0.49,0.122,0.024,941761,306042,50561,,,
Esi+,DTXSID2026446,Acetyl tributyl citrate,DTXCID006446,C20H34O8,402.2253681,CCCCOC(=O)CC(CC(=O)OCCCC)(OC(C)=O)C(=O)OCCCC,12.47,0,,,0.49,0.122,0.024,22314548,6711210,1150249,,,
Esi+,DTXSID2032390,Fenarimol,DTXCID0012390,C17H12Cl2N2O,330.0326684,OC(C1=CC=C(Cl)C=C1)(C1=CN=CN=C1)C1=CC=CC=C1Cl,8.77,0,,,0.49,0.122,0.024,22366654,9354204,2123849,4734292,68934,27987
Esi+,DTXSID2032500,Triflumizole,DTXCID60810288,C15H15ClF3N3O,345.0855743,CCCOCC(=NC1=CC=C(Cl)C=C1C(F)(F)F)N1C=CN=C1,11.41,0,,,0.49,0.122,0.024,99759440,30214561,5459441,16257940,6395208,669805
Esi+,DTXSID2032550,"Fenpyroximate (Z,E)",DTXCID0065307,C24H27N3O4,421.2001564,CN1N=C(C)C(C=NOCC2=CC=C(C=C2)C(=O)OC(C)(C)C)=C1OC1=CC=CC=C1,12.89,0,,,0.49,0.122,0.024,64467612,18575814,3013099,,,
Esi+,DTXSID2034338,Ancymidol,DTXCID0014338,C15H16N2O2,256.1211778,COC1=CC=C(C=C1)C(O)(C1CC1)C1=CN=CN=C1,4.19,0,,,0.49,0.122,0.024,12021367,7160755,1228810,,,
Esi+,DTXSID2034625,Fluoxastrobin,DTXCID2032057,C21H16ClFN4O5,458.0793255,CON=C(C1=NOCCO1)C1=C(OC2=C(F)C(OC3=C(Cl)C=CC=C3)=NC=N2)C=CC=C1,8.77,0,,,0.49,0.122,0.024,39289004,12534571,2590736,,,
Esi+,DTXSID2034627,Fluroxypyr,DTXCID0014627,C7H5Cl2FN2O3,253.9661256,NC1=C(Cl)C(F)=NC(OCC(O)=O)=C1Cl,0.8,0,,,0.49,0.122,0.024,141864,82985,28786,,,
Esi+,DTXSID2034881,Quinoxyfen,DTXCID0014881,C15H8Cl2FNO,306.9966974,FC1=CC=C(OC2=CC=NC3=CC(Cl)=CC(Cl)=C23)C=C1,11.47,0,,,0.49,0.122,0.024,67594448,21029120,3540642,,,
Esi+,DTXSID2034962,Thiamethoxam,DTXCID0014962,C8H10ClN5O3S,291.0192881,CN1COCN(CC2=CN=C(Cl)S2)C1=N[N+]([O-])=O,0.85,0,,,0.49,0.122,0.024,2603014,1341662,917606,,,
Esi+,DTXSID2035481,4-(4-(Acetyloxy)phenyl)-2-butanone,DTXCID0015481,C12H14O3,206.0942943,CC(=O)CCC1=CC=C(OC(C)=O)C=C1,3.61,0,,,0.49,0.122,0.024,205580,121949,,,,
Esi+,DTXSID2037508,Chlordimeform,DTXCID0017508,C10H13ClN2,196.0767261,CN(C)C=NC1=CC=C(Cl)C=C1C,2.77,0,,,0.49,0.122,0.024,5488842,1363373,207101,232215,350661,65977
Esi+,DTXSID2040731,Diisopropyl phthalate,DTXCID0020731,C14H18O4,250.1205091,CC(C)OC(=O)C1=CC=CC=C1C(=O)OC(C)C,8.7,0,,,0.49,0.122,0.024,21961976,8758550,1683473,,,
Esi+,DTXSID2041250,"1,4-Bis(N-isopropylamino)anthraquinone",DTXCID0021250,C20H22N2O2,322.168128,CC(C)NC1=CC=C(NC(C)C)C2=C1C(=O)C1=CC=CC=C1C2=O,11.07,0,,,,,,50580896,13476680,1826783,,,
Esi+,DTXSID2041468,"3,4-Dichlorophenylurea",DTXCID0021468,C7H6Cl2N2O,203.9857182,NC(=O)NC1=CC=C(Cl)C(Cl)=C1,4.82,0,,,,,,1523518,969351,205379,,,
Esi+,DTXSID2041880,Dimetilan,DTXCID0021880,C10H16N4O3,240.1222404,CN(C)C(=O)OC1=NN(C(=O)N(C)C)C(C)=C1,1.88,0,,,,,,28860560,6449116,1470519,821109,844846,256584
Esi+,DTXSID2042220,Nuarimol,DTXCID0022220,C17H12ClFN2O,314.0622189,OC(C1=CC=C(F)C=C1)(C1=CN=CN=C1)C1=CC=CC=C1Cl,7.42,0,,,,,,15542919,6960209,1687286,,,
Esi+,DTXSID2044268,Cetirizine dihydrochloride,DTXCID802787,C21H25ClN2O3,388.1553704,OC(=O)COCCN1CCN(CC1)C(C1=CC=CC=C1)C1=CC=C(Cl)C=C1,6.83,0,,,,,,35417320,13368933,2119825,,,
Esi+,DTXSID2044391,2-Isopropylphenol,DTXCID0024391,C9H12O,136.088815,CC(C)C1=C(O)C=CC=C1,5.66,0,,,,,,347559,121175,,,,
Esi+,DTXSID2044686,"4-Amino-2,5-dimethoxy-N-phenylbenzenesulfonamide",DTXCID0024686,C14H16N2O4S,308.0830782,COC1=CC(N)=C(OC)C=C1S(=O)(=O)NC1=CC=CC=C1,3.4,0,,,,,,941303,329413,85401,,,
Esi+,DTXSID2044715,"2,2-Dimethyl-2,3-dihydro-1-benzofuran-7-amine",DTXCID0024715,C10H13NO,163.099714,CC1(C)CC2=C(O1)C(N)=CC=C2,4.32,0,,,,,,1900665,702066,155426,,,
Esi+,DTXSID2044844,3-(Octyloxy)propan-1-amine,DTXCID0024844,C11H25NO,187.1936144,CCCCCCCCOCCCN,7.17,0,,,,,,21052326,6709941,1125141,,,
Esi+,DTXSID2044848,N-(Isobutoxymethyl)acrylamide,DTXCID0024848,C8H15NO2,157.1102787,CC(C)COCNC(=O)C=C,2.21,0,,,,,,2049817,976377,271215,,,
Esi+,DTXSID2047270,Besonprodil,DTXCID0027270,C21H23FN2O3S,402.1413419,FC1=CC=C(CC2CCN(CCS(=O)C3=CC=C4NC(=O)OC4=C3)CC2)C=C1,6.14,0,,,,,,27834260,11929564,,,,
Esi+,DTXSID2047272,CJ-013610,DTXCID5027273,C22H23N3O2S,393.1510982,CC1=NC=CN1C1=CC=C(SC2=CC=CC(=C2)C2(CCOCC2)C(N)=O)C=C1,6.79,0,,,,,,33377012,11106127,1824549,,,
Esi+,DTXSID2047274,CP-114271,DTXCID0027274,C17H19F3N2O4S,404.1017628,CC(CC1=CC=C(OCC(O)=O)C=C1)NCC(O)C1=CSC(=N1)C(F)(F)F,2.03,0,,,,,,13966782,7881305,1590721,,,
Esi+,DTXSID2047278,CP-457677,DTXCID0027278,C22H21FN2O3,380.1536207,CC(C)(O)C1=CC=C(CNC(=O)C2=CC=CN=C2OC2=CC=C(F)C=C2)C=C1,7.05,0,,,,,,9813528,3274424,701884,2237346,17016,9949
Esi+,DTXSID2047351,SSR 240612,DTXCID30197210,C42H52N4O7S,756.3556712,COc1ccc2cc(ccc2c1)S(=O)(=O)NC(CC(=O)NC(Cc1ccc(CN2C(C)CCCC2C)cc1)C(=O)N(C)C(C)C)c1ccc2OCOc2c1,8.07,0,,,,,,49113880,15059637,2356008,,,
Esi+,DTXSID2047353,SSR 241586 HCl,DTXCID5027354,C32H42Cl2N4O3,600.2633966,CN(C)C(=O)C1(CCN(CCC2(CN(CCO2)C(=O)C2=CC=CC=C2)C2=CC=C(Cl)C(Cl)=C2)CC1)N1CCCCC1,11.04,0,,,,,,60804872,17184150,2823268,,,
Esi+,DTXSID2047357,Surinabant,DTXCID0027357,C23H23BrCl2N4O,520.04323,CCC1=C(N(N=C1C(=O)NN1CCCCC1)C1=CC=C(Cl)C=C1Cl)C1=CC=C(Br)C=C1,13.39,0,,,,,,115291544,36616004,6115472,,,
Esi+,DTXSID2047359,SSR180711,DTXCID0027359,C14H17BrN2O2,324.047341,BrC1=CC=C(OC(=O)N2CCN3CCC2CC3)C=C1,3.33,0,,,,,,22701012,8349611,1518971,,,
Esi+,DTXSID2047434,Flurandrenolide,DTXCID50210238,C24H33FO6,436.2261169,CC1(C)OC2CC3C4CC(F)C5=CC(=O)CCC5(C)C4C(O)CC3(C)C2(O1)C(=O)CO,7.12,0,,,,,,6758479,2742623,507472,,,
Esi+,DTXSID2047694,Quinine hydrochloride dihydrate,DTXCID40196991,C20H24N2O2,324.183778,COC1=CC2=C(C=CN=C2C=C1)C(O)C1CC2CCN1CC2C=C,3.39,0,,,,,,34926408,10751070,1898847,,,
Esi+,DTXSID3020625,Finasteride,DTXCID60209052,C23H36N2O2,372.2776784,CC(C)(C)NC(=O)C1CCC2C3CCC4NC(=O)C=CC4(C)C3CCC12C,8.4,0,,,,,,22098624,8953938,1649975,,,
Esi+,DTXSID3020912,Nalidixic acid,DTXCID70912,C12H12N2O3,232.0847923,CCN1C=C(C(O)=O)C(=O)C2=C1N=C(C)C=C2,3.21,0,,,,,,21567656,6604861,1152922,,,
Esi+,DTXSID3021778,Diphenyl phthalate,DTXCID801778,C20H14O4,318.0892089,O=C(OC1=CC=CC=C1)C1=CC=CC=C1C(=O)OC1=CC=CC=C1,9.92,0,,,,,,40302816,15614409,3144252,,,
Esi+,DTXSID3021801,2-(N-Ethyl-m-toluidino)ethanol,DTXCID101801,C11H17NO,179.1310142,CCN(CCO)C1=CC(C)=CC=C1,6,0,,,,,,25383228,7303943,1164134,,,
Esi+,DTXSID3021805,Piperine,DTXCID00809656,C17H19NO3,285.1364935,O=C(C=CC=CC1=CC2=C(OCO2)C=C1)N1CCCCC1,8.06,1,1,First,,,,24260936,7482672,1358580,3221063,615070,136789
Esi+,DTXSID3021805,Piperine,DTXCID00809656,C17H19NO3,285.1364935,O=C(C=CC=CC1=CC2=C(OCO2)C=C1)N1CCCCC1,8.22,1,2,Second,,,,4156122,1121970,258994,1696165,321118,27477
Esi+,DTXSID3021805,Piperine,DTXCID00809656,C17H19NO3,285.1364935,O=C(C=CC=CC1=CC2=C(OCO2)C=C1)N1CCCCC1,8.38,1,3,Third,,,,6256036,1903635,447130,2950553,339896,41421
Esi+,DTXSID3022370,Progesterone,DTXCID20208869,C21H30O2,314.2245802,CC(=O)C1CCC2C3CCC4=CC(=O)CCC4(C)C3CCC12C,9.43,0,,,,,,19217892,9433221,2045392,,,
Esi+,DTXSID3022455,Dimethyl phthalate,DTXCID502455,C10H10O4,194.0579088,COC(=O)C1=C(C=CC=C1)C(=O)OC,3.33,0,,,,,,4893712,2878966,816101,,,
Esi+,DTXSID3023471,Physostigmine,DTXCID40209318,C15H21N3O2,275.1633769,CNC(=O)OC1=CC2=C(C=C1)N(C)C1N(C)CCC21C,1.5,0,,,,,,46953080,15256179,3181084,,,
Esi+,DTXSID3024100,Ethyl phthalyl ethyl glycolate,DTXCID604100,C14H16O6,280.0946882,CCOC(=O)COC(=O)C1=CC=CC=C1C(=O)OCC,6.2,0,,,,,,15998864,5489210,861568,,,
Esi+,DTXSID3024102,Fenamiphos,DTXCID404102,C13H22NO3PS,303.1058017,CCOP(=O)(NC(C)C)OC1=CC=C(SC)C(C)=C1,9.38,0,,,,,,33418688,10705891,2238223,,,
Esi+,DTXSID3024152,Imazaquin,DTXCID904152,C17H17N3O3,311.1269914,CC(C)C1(C)N=C(NC1=O)C1=NC2=C(C=CC=C2)C=C1C(O)=O,1.09,0,,,,,,15800196,5615465,1158347,,,
Esi+,DTXSID3024235,Flusilazole,DTXCID704235,C16H15F2N3Si,315.1003304,C[Si](CN1C=NC=N1)(C1=CC=C(F)C=C1)C1=CC=C(F)C=C1,9.31,0,,,,,,29247484,11668433,2065305,,,
Esi+,DTXSID3024239,Oxadiazon,DTXCID304239,C15H18Cl2N2O3,344.0694478,CC(C)OC1=CC(N2N=C(OC2=O)C(C)(C)C)=C(Cl)C=C1Cl,11.82,0,,,,,,5252223,2301702,534722,,,
Esi+,DTXSID3024316,Tebuthiuron,DTXCID704316,C9H16N4OS,228.1044823,CNC(=O)N(C)C1=NN=C(S1)C(C)(C)C,4.01,0,,,,,,28392032,8400082,1363880,,,
Esi+,DTXSID3024491,2-Amino-6-nitrobenzothiazole,DTXCID304491,C7H5N3O2S,195.0102476,NC1=NC2=CC=C(C=C2S1)[N+]([O-])=O,2.52,0,,,,,,2840257,1312552,278223,451008,53393,8607
Esi+,DTXSID3025091,"3,3'-Dimethoxybenzidine",DTXCID605091,C14H16N2O2,244.1211778,COC1=CC(=CC=C1N)C1=CC(OC)=C(N)C=C1,2.86,0,,,,,,3268324,1533875,321385,,,
Esi+,DTXSID3025178,"1,3-Diphenylguanidine",DTXCID005178,C13H13N3,211.1109474,N=C(NC1=CC=CC=C1)NC1=CC=CC=C1,0.37,1,1,First,,,,7958650,2804284,1332742,647474,1584305,351
Esi+,DTXSID3025178,"1,3-Diphenylguanidine",DTXCID005178,C13H13N3,211.1109474,N=C(NC1=CC=CC=C1)NC1=CC=CC=C1,1.29,1,2,Second,,,,23230152,6804095,1126318,,,
Esi+,DTXSID3026647,4-Hydroxybenzoic acid,DTXCID806647,C7H6O3,138.0316941,OC(=O)C1=CC=C(O)C=C1,11.37,0,,,,,,277638,140871,39562,,,
Esi+,DTXSID3027085,Bis[2-(2-butoxyethoxy)ethyl] hexandioate,DTXCID107085,C22H42O8,434.2879683,CCCCOCCOCCOC(=O)CCCCC(=O)OCCOCCOCCCC,10.97,0,,,,,,146685,71821,,,,
Esi+,DTXSID3029364,4-Methoxy-2-methyl-N-phenylaniline,DTXCID909364,C14H15NO,213.1153641,COC1=CC=C(NC2=CC=CC=C2)C(C)=C1,8.59,0,,,,,,2980875,1105010,252500,477501,76225,36796
Esi+,DTXSID3032337,Butralin,DTXCID1012337,C14H21N3O4,295.1532062,CCC(C)NC1=C(C=C(C=C1[N+]([O-])=O)C(C)(C)C)[N+]([O-])=O,12.65,0,,,,,,14919031,4362154,766936,,,
Esi+,DTXSID3032416,Cybutryne,DTXCID1012416,C11H19N5S,253.1361168,CSC1=NC(NC(C)(C)C)=NC(NC2CC2)=N1,8.89,0,,,,,,58102311,17742951,3292502,8334822,4558491,636666
Esi+,DTXSID3032628,Methoxyfenozide,DTXCID1012628,C22H28N2O3,368.2099928,COC1=CC=CC(C(=O)NN(C(=O)C2=CC(C)=CC(C)=C2)C(C)(C)C)=C1C,8.75,0,,,,,,38191839,13760508,2223163,,,
Esi+,DTXSID3034531,Thiophanate,DTXCID1014531,C14H18N4O4S2,370.0769474,CCOC(=O)NC(=S)NC1=C(NC(=S)NC(=O)OCC)C=CC=C1,6.1,0,,,,,,15843499,6146708,1369328,,,
Esi+,DTXSID3034583,Ethyl 1-naphthaleneacetate,DTXCID1014583,C14H14O2,214.0993797,CCOC(=O)CC1=CC=CC2=C1C=CC=C2,8.32,0,,,,,,4748040,1584865,369378,67915,28498,1033
Esi+,DTXSID3034612,Fluazifop-butyl,DTXCID1014612,C19H20F3NO4,383.1344426,CCCCOC(=O)C(C)OC1=CC=C(OC2=CC=C(C=N2)C(F)(F)F)C=C1,11.82,0,,,,,,55738440,18709240,3901792,,,
Esi+,DTXSID3034872,Chloridazon,DTXCID10809809,C10H8ClN3O,221.0355896,ClC1C(=N)C=NN(C1=O)C1=CC=CC=C1,1.57,0,,,,,,16062243,7161170,1761127,,,
Esi+,DTXSID3036496,Norgestrel,DTXCID90208770,C21H28O2,312.2089301,CCC12CCC3C(CCC4=CC(=O)CCC34)C1CCC2(O)C#C,8.51,0,,,,,,15905422,6614170,1476209,1152578,947637,222275
Esi+,DTXSID3037545,Ethiofencarb,DTXCID1017545,C11H15NO2S,225.0823499,CCSCC1=C(OC(=O)NC)C=CC=C1,4.92,0,,,,,,43118468,16194234,3292818,,,
Esi+,DTXSID3041613,Azaconazole,DTXCID1021613,C12H11Cl2N3O2,299.022832,ClC1=CC(Cl)=C(C=C1)C1(CN2C=NC=N2)OCCO1,5.87,0,,,,,,22683060,8685107,1514223,,,
Esi+,DTXSID3041619,Benalaxyl,DTXCID1021619,C20H23NO3,325.1677936,COC(=O)C(C)N(C(=O)CC1=CC=CC=C1)C1=C(C)C=CC=C1C,9.86,0,,,,,,60108220,19565024,2938774,,,
Esi+,DTXSID3041794,Cloquintocet-mexyl,DTXCID1021794,C18H22ClNO3,335.1288213,CCCCCC(C)OC(=O)COC1=CC=C(Cl)C2=CC=CN=C12,11.83,0,,,,,,128130280,40843320,7198583,,,
Esi+,DTXSID3041873,Dimethametryn,DTXCID1021873,C11H21N5S,255.1517669,CCNC1=NC(SC)=NC(NC(C)C(C)C)=N1,9.41,0,,,,,,24915832,8105859,1487867,,,
Esi+,DTXSID3042188,"N,N'-Dibutylurea",DTXCID1022188,C9H20N2O,172.1575633,CCCCNC(=O)NCCCC,5.03,0,,,,,,32870060,8223945,1416295,,,
Esi+,DTXSID3042477,Tolnaftate,DTXCID1022477,C19H17NOS,307.1030853,CN(C(=S)OC1=CC2=CC=CC=C2C=C1)C1=CC=CC(C)=C1,11.12,0,,,,,,47177296,19907974,3531693,,,
Esi+,DTXSID3042633,Clomipramine hydrochloride,DTXCID602844,C19H23ClN2,314.1549764,CN(C)CCCN1C2=CC(Cl)=CC=C2CCC2=C1C=CC=C2,7.95,0,,,,,,51754592,11321425,2206170,,,
Esi+,DTXSID3044201,Quetiapine fumarate,DTXCID903546,C21H25N3O2S,383.1667482,OCCOCCN1CCN(CC1)C1=NC2=C(SC3=C1C=CC=C3)C=CC=C2,7.62,0,,,,,,65864892,22145036,3635715,,,
Esi+,DTXSID3044203,Pioglitazone hydrochloride,DTXCID1017129,C19H20N2O3S,356.1194637,CCC1=CN=C(CCOC2=CC=C(CC3SC(=O)NC3=O)C=C2)C=C1,8,0,,,,,,41517525,13351260,2496511,2913979,3078993,405830
Esi+,DTXSID3044544,3-Hydroxy-N-(3-nitrophenyl)naphthalene-2-carboxamide,DTXCID1024544,C17H12N2O4,308.0797069,OC1=CC2=C(C=CC=C2)C=C1C(=O)NC1=CC=CC(=C1)[N+]([O-])=O,8.84,0,,,,,,4817700,1337813,402453,,,
Esi+,DTXSID3044962,"3,3'-Sulphonyldianiline",DTXCID1024962,C12H12N2O2S,248.0619488,NC1=CC=CC(=C1)S(=O)(=O)C1=CC(N)=CC=C1,1.43,0,,,,,,1667687,739843,258369,,,
Esi+,DTXSID3047267,CP-642931,DTXCID60210204,C17H25N7O,343.2120585,CC(O)c1nccc(n1)N1C(C)CN(CC1C)c1nc(C)nc(C)n1,6.13,0,,,,,,38144024,11677090,1795735,,,
Esi+,DTXSID3047342,SR125047,DTXCID70810476,C22H26ClNO,355.1702922,COC1=CC=CC(=C1)C1=CC=C(C=CCN2CCCCCC2)C=C1Cl,8.68,0,,,,,,24283846,6584200,1312774,,,
Esi+,DTXSID3047344,Cariporide mesylate,DTXCID6027345,C12H17N3O3S,283.0990626,CC(C)C1=CC=C(C=C1S(C)(=O)=O)C(=O)N=C(N)N,2.36,0,,,,,,2941599,1083582,212706,,,
Esi+,DTXSID3047504,Timolol maleate salt,DTXCID70197219,C13H24N4O3S,316.1569118,CC(C)(C)NCC(O)COC1=NSN=C1N1CCOCC1,1.79,0,,,,,,23805726,6327236,1045865,3428226,674143,40036
Esi+,DTXSID3048520,Piragliatin,DTXCID10210279,C19H20ClN3O4S,421.086305,CS(=O)(=O)C1=CC=C(C=C1Cl)C(CC1CCC(=O)C1)C(=O)NC1=NC=CN=C1,3.51,0,,,,,,1439422,603904,142190,,,
Esi+,DTXSID3048522,HMR1171 trifluoroacetate (1:1),DTXCID4027367,C35H48N4O3S,604.3447126,CCN(CC)C(=O)C1=CC(=C(C=C1N(CC)CCN(C)C)N1CCC(CC1)C1=CC=CC=C1)S(=O)(=O)CC1=CC=CC=C1,10.24,0,,,,,,21769254,5300671,905506,,,
Esi+,DTXSID4020290,Pirinixic acid,DTXCID00290,C14H14ClN3O2S,323.0495256,CC1=C(C)C(NC2=NC(SCC(O)=O)=NC(Cl)=C2)=CC=C1,6.04,0,,,,,,11129292,3504820,722631,8629502,2414689,437322
Esi+,DTXSID4020321,Chlorpheniramine maleate,DTXCID402804,C16H19ClN2,274.1236763,CN(C)CCC(C1=CC=C(Cl)C=C1)C1=NC=CC=C1,3.92,0,,,,,,47324468,13820394,2309366,,,
Esi+,DTXSID4020371,Dapsone,DTXCID00371,C12H12N2O2S,248.0619488,NC1=CC=C(C=C1)S(=O)(=O)C1=CC=C(N)C=C1,0.8,0,,,,,,7331094,2733968,767441,,,
Esi+,DTXSID4020612,Ethylphenylacetylurea,DTXCID40612,C11H14N2O2,206.1055277,CCC(C(=O)NC(N)=O)C1=CC=CC=C1,4.54,0,,,,,,1016825,515184,109462,,,
Esi+,DTXSID4020618,Fadrozole hydrochloride,DTXCID3014141,C14H13N3,223.1109474,N#CC1=CC=C(C=C1)C1CCCC2=CN=CN12,2.86,0,,,,,,12065974,3609731,562540,,,
Esi+,DTXSID4021131,N-Phenyl-2-naphthylamine,DTXCID601131,C16H13N,219.1047994,N(C1=CC=CC=C1)C1=CC=C2C=CC=CC2=C1,10.13,0,,,,,,2449763,956015,226815,,,
Esi+,DTXSID4021135,C.I. Solvent Yellow 14,DTXCID50809767,C16H12N2O,248.094963,OC1=CC=C2C=CC=CC2=C1N=NC1=CC=CC=C1,11.3,0,,,,,,12382075,4999524,931280,,,
Esi+,DTXSID4021185,Prednisone,DTXCID40208866,C21H26O5,358.1780239,CC12CC(=O)C3C(CCC4=CC(=O)C=CC34C)C1CCC2(O)C(=O)CO,4.45,0,,,,,,2794892,1169011,222948,,,
Esi+,DTXSID4021268,Simazine,DTXCID501268,C7H12ClN5,201.0781231,CCNC1=NC(NCC)=NC(Cl)=N1,3.55,0,,,,,,8837115,4503803,415724,,,
Esi+,DTXSID4022020,Bromacil,DTXCID70196828,C9H13BrN2O2,260.016041,CCC(C)N1C(=O)N=C(C)C(Br)C1=O,3.77,0,,,,,,5924297,2883072,669379,1533372,615930,187943
Esi+,DTXSID4022288,4-Hexyloxyaniline,DTXCID202288,C12H19NO,193.1466642,CCCCCCOC1=CC=C(N)C=C1,8.3,0,,,,,,3496528,970830,,,,
Esi+,DTXSID4022311,Formononetin,DTXCID502311,C16H12O4,268.0735589,COC1=CC=C(C=C1)C1=COC2=C(C=CC(O)=C2)C1=O,6,0,,,,,,13849081,5712174,1154222,,,
Esi+,DTXSID4022448,Metolachlor,DTXCID402448,C15H22ClNO2,283.1339067,CCC1=C(N(C(C)COC)C(=O)CCl)C(C)=CC=C1,9.01,0,,,,,,87972456,35135112,7514602,,,
Esi+,DTXSID4022731,Carbamazepine,DTXCID902731,C15H12N2O,236.094963,NC(=O)N1C2=CC=CC=C2C=CC2=C1C=CC=C2,4.74,0,,,,,,21185650,7203278,1432614,,,
Esi+,DTXSID4024145,Hexazinone,DTXCID804145,C12H20N4O2,252.1586259,CN(C)C1=NC(=O)N(C2CCCCC2)C(=O)N1C,3.81,0,,,,,,28362984,9981198,2155360,,,
Esi+,DTXSID4024270,Prochloraz,DTXCID904270,C15H16Cl3N3O2,375.0308099,CCCN(CCOC1=C(Cl)C=C(Cl)C=C1Cl)C(=O)N1C=CN=C1,9.95,0,,,,,,39224612,13450833,2518757,,,
Esi+,DTXSID4024729,Carbendazim,DTXCID004729,C9H9N3O2,191.0694765,COC(=O)NC1=NC2=CC=CC=C2N1,1.92,0,,,,,,24366840,6997452,1305009,,,
Esi+,DTXSID4026214,Triclocarban,DTXCID906214,C13H9Cl3N2O,313.978046,ClC1=CC=C(NC(=O)NC2=CC=C(Cl)C(Cl)=C2)C=C1,10.85,0,,,,,,9847073,3496365,732960,,,
Esi+,DTXSID4026557,"2,2'-(3-Chlorophenylimino)diethanol",DTXCID906557,C10H14ClNO2,215.0713064,OCCN(CCO)C1=CC(Cl)=CC=C1,4.06,0,,,,,,7205823,2197056,388197,1166130,411462,
Esi+,DTXSID4026684,2-Benzylideneoctanal,DTXCID806684,C15H20O,216.1514153,CCCCCCC(C=O)=CC1=CC=CC=C1,11.7,0,,,,,,510715,211954,37086,,,
Esi+,DTXSID4027579,Pentaethylene glycol,DTXCID407579,C10H22O6,238.1416384,OCCOCCOCCOCCOCCO,5.09,0,,,,,,36238516,9271098,1587905,,,
Esi+,DTXSID4027604,2-[4-(Diethylamino)-2-hydroxybenzoyl]benzoic acid,DTXCID507604,C18H19NO4,313.1314081,CCN(CC)C1=CC(O)=C(C=C1)C(=O)C1=C(C=CC=C1)C(O)=O,5.48,0,,,,,,8087902,2994165,641271,771446,266366,288
Esi+,DTXSID4027608,Terbutylazine,DTXCID107608,C9H16ClN5,229.1094232,CCNC1=NC(NC(C)(C)C)=NC(Cl)=N1,7.42,0,,,,,,81047568,31931172,6658710,,,
Esi+,DTXSID4027997,Dichlormid,DTXCID007997,C8H11Cl2NO,207.0217694,ClC(Cl)C(=O)N(CC=C)CC=C,3.99,0,,,,,,4947035,1879412,419912,212576,21278,66986
Esi+,DTXSID4032372,Difenoconazole,DTXCID2012372,C19H17Cl2N3O3,405.0646968,CC1COC(CN2C=NC=N2)(O1)C1=C(Cl)C=C(OC2=CC=C(Cl)C=C2)C=C1,10.39,1,1,First,,,,33598808,11324259,2162192,,,
Esi+,DTXSID4032372,Difenoconazole,DTXCID2012372,C19H17Cl2N3O3,405.0646968,CC1COC(CN2C=NC=N2)(O1)C1=C(Cl)C=C(OC2=CC=C(Cl)C=C2)C=C1,10.49,1,2,Second,,,,16640155,6749463,996097,,,
Esi+,DTXSID4032376,Dimethenamid,DTXCID2012376,C12H18ClNO2S,275.0746777,COCC(C)N(C(=O)CCl)C1=C(C)SC=C1C,7.28,0,,,,,,31088132,10571157,1895231,,,
Esi+,DTXSID4032459,Phorate,DTXCID2012459,C7H17O2PS3,260.0128303,CCOP(=S)(OCC)SCSCC,10.09,0,,,,,,1817186,607556,136738,,,
Esi+,DTXSID4032580,Trifloxystrobin,DTXCID20810441,C20H19F3N2O4,408.1296916,CON=C(C(=O)OC)C1=CC=CC=C1CON=C(C)C1=CC(=CC=C1)C(F)(F)F,11.32,0,,,,,,62724328,19979594,3787200,,,
Esi+,DTXSID4032619,Halofenozide,DTXCID2012619,C18H19ClN2O2,330.1135056,CC(C)(C)N(NC(=O)C1=CC=C(Cl)C=C1)C(=O)C1=CC=CC=C1,7.85,0,,,,,,6029766,2580211,499172,,,
Esi+,DTXSID4034150,Haloperidol,DTXCID2014150,C21H23ClFNO2,375.1401348,OC1(CCN(CCCC(=O)C2=CC=C(F)C=C2)CC1)C1=CC=C(Cl)C=C1,5.42,0,,,,,,33973384,10208852,1536775,,,
Esi+,DTXSID4034653,Hexaconazole,DTXCID2014653,C14H17Cl2N3O,313.0748676,CCCCC(O)(CN1C=NC=N1)C1=CC=C(Cl)C=C1Cl,10.14,0,,,,,,41447696,13702651,2923089,,,
Esi+,DTXSID4034948,Tebufenozide,DTXCID2014948,C22H28N2O2,352.2150782,CCC1=CC=C(C=C1)C(=O)NN(C(=O)C1=CC(C)=CC(C)=C1)C(C)(C)C,9.88,0,,,,,,15030379,4612555,913831,,,
Esi+,DTXSID4036435,N-Octyl-2-pyrrolidone,DTXCID2016435,C12H23NO,197.1779644,CCCCCCCCN1CCCC1=O,9.2,0,,,,,,38969232,13899868,2755358,,,
Esi+,DTXSID4037617,Promecarb,DTXCID2017617,C12H17NO2,207.1259288,CNC(=O)OC1=CC(=CC(C)=C1)C(C)C,7.57,0,,,,,,17714332,5224396,977874,,,
Esi+,DTXSID4041494,Diflufenican,DTXCID2021494,C19H11F5N2O2,394.0740684,FC1=CC=C(NC(=O)C2=C(OC3=CC(=CC=C3)C(F)(F)F)N=CC=C2)C(F)=C1,10.74,0,,,,,,10328206,4980417,1148243,,,
Esi+,DTXSID4041600,Amiprofos-methyl,DTXCID2021600,C11H17N2O4PS,304.0646652,COP(=S)(NC(C)C)OC1=C(C=C(C)C=C1)[N+]([O-])=O,8.75,0,,,,,,19614968,8014240,1652354,,,
Esi+,DTXSID4041995,Fuberidazole,DTXCID2021995,C11H8N2O,184.0636629,N1C2=CC=CC=C2N=C1C1=CC=CO1,3.07,0,,,,,,4360334,1306792,291627,1772767,511431,132799
Esi+,DTXSID4042090,Lauryldiethanolamine,DTXCID2022090,C16H35NO2,273.2667794,CCCCCCCCCCCCN(CCO)CCO,9.74,0,,,,,,42787443,15224443,2582286,,,
Esi+,DTXSID4042121,Mepanipyrim,DTXCID2022121,C14H13N3,223.1109474,CC#CC1=CC(C)=NC(NC2=CC=CC=C2)=N1,7.87,0,,,,,,45739640,14748067,2718350,,,
Esi+,DTXSID4042208,N-methyl-alpha-phenylbenzeneacetamide,DTXCID2022208,C15H15NO,225.1153641,CNC(=O)C(C1=CC=CC=C1)C1=CC=CC=C1,5.23,0,,,,,,26912024,8687006,1641758,,,
Esi+,DTXSID4042252,4-(Dimethylamino)phenylthiocyanate,DTXCID2022252,C9H10N2S,178.0564695,CN(C)C1=CC=C(SC#N)C=C1,6.51,0,,,,,,5982597,1975268,459852,,,
Esi+,DTXSID4042256,Parinol,DTXCID2022256,C18H13Cl2NO,329.0374194,OC(C1=CC=C(Cl)C=C1)(C1=CC=C(Cl)C=C1)C1=CC=CN=C1,10.44,0,,,,,,47758432,13936582,2738039,,,
Esi+,DTXSID4044668,"1,1,2-Trimethyl-1H-benzo[e]indole",DTXCID2024668,C15H15N,209.1204495,CC1=NC2=C(C3=C(C=CC=C3)C=C2)C1(C)C,7.99,0,,,,,,3759152,1161789,217088,,,
Esi+,DTXSID4044901,Triallyl trimellitate,DTXCID2024901,C18H18O6,330.1103383,C=CCOC(=O)C1=CC=C(C(=O)OCC=C)C(=C1)C(=O)OCC=C,10.06,0,,,,,,9170696,3807898,844033,,,
Esi+,DTXSID4047094,Ethyl benzoylacetate,DTXCID2027094,C11H12O3,192.0786442,CCOC(=O)CC(=O)C1=CC=CC=C1,4.14,0,,,,,,5241035,2017173,443409,,,
Esi+,DTXSID4047206,trans-2-Methoxycinnamaldehyde,DTXCID90809802,C10H10O2,162.0680796,COC1=CC=CC=C1C=CC=O,4.37,0,,,,,,1731598,853866,213923,,,
Esi+,DTXSID4047252,Ingliforib,DTXCID50210197,C23H24ClN3O5,457.1404486,OC(C(CC1=CC=CC=C1)NC(=O)C1=CC2=CC(Cl)=CC=C2N1)C(=O)N1CC(O)C(O)C1,7.7,0,,,,,,1463239,477654,130929,311049,101843,9050
Esi+,DTXSID4047254,CP-457920,DTXCID70210199,C18H17N3O3,323.1269914,CCOC1=NC2=C(C=C1)N=CC(C(=O)NCC1=CC=CC=C1)C2=O,6.41,0,,,,,,17589382,6483682,1428179,,,
Esi+,DTXSID4047331,MK-547,DTXCID80197205,C31H33NO7,531.2257024,CCCCC1=CC=C2C(C(C(C2=N1)C1=CC=C(OC)C=C1CC(C)C(O)=O)C(O)=O)C1=CC2=C(OCO2)C=C1,8.7,0,,,,,,31923492,14040538,2735282,,,
Esi+,DTXSID4047333,PharmaGSID_47333,DTXCID40210222,C22H30N4O2,382.2368762,Cc1ncc(cn1)C(CCCCCCc1ccc2CCCNc2n1)CC(O)=O,4.4,0,,,,,,62100688,14130139,2284546,,,
Esi+,DTXSID4047335,MK-812,DTXCID40197206,C24H34F3N3O3,469.2552265,COC1COCCC1NC1CCC(C1)(C(C)C)C(=O)N1CCC2=NC=C(C=C2C1)C(F)(F)F,4.55,0,,,,,,54598736,16252169,2682754,,,
Esi+,DTXSID4047381,AVE8923,DTXCID7027382,C21H26BrFN2O2S,468.08824,CCCOC1=C(Br)C(C)=C(S1)C(=O)N1CCC(CC1)C1=CC(CN)=CC=C1F,9.16,0,,,,,,454880,172134,,,,
Esi+,DTXSID4047383,AVE3247,DTXCID7027384,C25H24ClN5O4S,525.1237531,OC(=O)C1=CC=C2N(CC3=NOC(=C3)C3=CC=C(Cl)S3)C(=NC2=C1)C(=O)NC1CCN(CC1)C1CC1,6.61,0,,,,,,7612501,2710895,445880,,,
Esi+,DTXSID4047385,SAR377142,DTXCID7027386,C26H33ClN6O4,528.2251813,COCCOC1=NC=C2N(CC(=O)NC3=NC=C(Cl)C=C3)C(=CC2=C1)C(=O)NC1CCN(CC1)C(C)C,4.29,0,,,,,,20328756,7401593,1282974,,,
Esi+,DTXSID4047387,SAR102779,DTXCID30197215,C31H32Cl2FN3O3,583.1804755,CC(=O)NC1(CCN(CCC2(CN(C(=O)CO2)C2=CC=CC=C2)C2=CC(Cl)=C(Cl)C=C2)CC1)C1=CC(F)=CC=C1,9.44,0,,,,,,46294592,16918856,3282811,,,
Esi+,DTXSID4047543,Furalaxyl,DTXCID2027543,C17H19NO4,301.1314081,COC(=O)C(C)N(C(=O)C1=CC=CO1)C1=C(C)C=CC=C1C,7.49,0,,,,,,29095506,9683086,2005021,,,
Esi+,DTXSID4048191,"4,4'-Methylenebis(2,6-diethylaniline)",DTXCID5028166,C21H30N2,310.240899,CCC1=CC(CC2=CC(CC)=C(N)C(CC)=C2)=CC(CC)=C1N,10.89,0,,,,,,31715788,9398227,1176639,,,
Esi+,DTXSID4048511,PharmaGSID_48511,DTXCID7028485,C27H35F2N7O3,543.2769443,COC1=C(NC2=NC3=C(C=N2)N(C)C(=O)C(F)(F)CN3C2CCCC2)C=CC(=C1)C(=O)NC1CCN(C)CC1,6.77,0,,,,,,55494580,18947128,3143458,,,
Esi+,DTXSID4048519,PharmaGSID_48519,DTXCID1028493,C22H20BrN5O4,497.069867,CN1C(=O)N(CC2=CN=C(NC3=CC4=C(OC(CO)CO4)C=C3)N=C12)C1=CC=CC=C1Br,6.88,0,,,,,,13862487,5443395,820846,,,
Esi+,DTXSID5020869,"4,4'-Methylenebis(N,N-dimethylaniline)",DTXCID70869,C17H22N2,254.1782987,CN(C)C1=CC=C(CC2=CC=C(C=C2)N(C)C)C=C1,10.57,0,,,,,,42913424,11107244,2060535,,,
Esi+,DTXSID5021758,Tris(2-butoxyethyl) phosphate,DTXCID201758,C18H39O7P,398.2433406,CCCCOCCOP(=O)(OCCOCCCC)OCCOCCCC,11.85,0,,,,,,87057952,27782762,4569168,,,
Esi+,DTXSID5021962,N-Phenyldiethanolamine,DTXCID501962,C10H15NO2,181.1102787,OCCN(CCO)C1=CC=CC=C1,2.05,0,,,,,,7853707,2874331,566306,,,
Esi+,DTXSID5022857,Cortisone,DTXCID90209222,C21H28O5,360.193674,CC12CC(=O)C3C(CCC4=CC(=O)CCC34C)C1CCC2(O)C(=O)CO,4.7,0,,,,,,2286797,947022,200153,,,
Esi+,DTXSID5023039,Famotidine,DTXCID803039,C8H15N7O2S3,337.0449363,NC(N)=NC1=NC(CSCCC(N)=NS(N)(=O)=O)=CS1,0.62,0,,,,,,3732893,1689556,420228,,,
Esi+,DTXSID5023114,Guaifenesin,DTXCID403114,C10H14O4,198.0892089,COC1=CC=CC=C1OCC(O)CO,1.63,0,,,,,,2803358,1451106,522919,,,
Esi+,DTXSID5023322,Mifepristone,DTXCID80209291,C29H35NO2,429.2667794,CC#CC1(O)CCC2C3CCC4=CC(=O)CCC4=C3C(CC12C)C1=CC=C(C=C1)N(C)C,10.44,0,,,,,,47136472,16261273,3637864,,,
Esi+,DTXSID5023324,Milrinone,DTXCID00209293,C12H9N3O,211.0745619,CC1=NC(=O)C(=CC1C1=CC=NC=C1)C#N,0.84,0,,,,,,1267136,496320,227127,,,
Esi+,DTXSID5023742,Warfarin,DTXCID20196838,C19H16O4,308.104859,CC(=O)CC(C1C(=O)Oc2ccccc2C1=O)c1ccccc1,4.54,0,,,,,,17738032,5431675,1113589,,,
Esi+,DTXSID5024211,Napropamide,DTXCID504211,C17H21NO2,271.1572289,CCN(CC)C(=O)C(C)OC1=C2C=CC=CC2=CC=C1,8.6,0,,,,,,41956832,11686689,2129236,,,
Esi+,DTXSID5024845,Colchicine,DTXCID00207037,C22H25NO6,399.1681875,COC1=C(OC)C(OC)=C2C(CCC(NC(C)=O)C3=CC(=O)C(OC)=CC=C23)=C1,3.59,0,,,,,,16843464,6940426,1241325,,,
Esi+,DTXSID5025021,Dicyclohexyl phthalate,DTXCID505021,C20H26O4,330.1831093,O=C(OC1CCCCC1)C1=C(C=CC=C1)C(=O)OC1CCCCC1,12.76,0,,,,,,25459090,6948289,1335781,1616087,302511,76483
Esi+,DTXSID5025861,Phenethyl anthranilate,DTXCID305861,C15H15NO2,241.1102787,NC1=CC=CC=C1C(=O)OCCC1=CC=CC=C1,9.03,0,,,,,,10473113,5361580,1124291,,,
Esi+,DTXSID5026120,"3,3',5,5'-Tetramethylbenzidine",DTXCID406120,C16H20N2,240.1626487,CC1=CC(=CC(C)=C1N)C1=CC(C)=C(N)C(C)=C1,5.22,0,,,,,,11051749,4508739,935822,,,
Esi+,DTXSID5028114,2-(Ethyl(3-methylphenyl)amino)acetonitrile,DTXCID908114,C11H14N2,174.1156985,CCN(CC#N)C1=CC(C)=CC=C1,6.02,0,,,,,,5315873,2038727,479511,961086,266872,95310
Esi+,DTXSID5031131,Dipentyl phthalate,DTXCID3011131,C18H26O4,306.1831093,CCCCCOC(=O)C1=C(C=CC=C1)C(=O)OCCCCC,12.58,0,,,,,,66743656,23378364,3904103,,,
Esi+,DTXSID5031133,Dipropyl phthalate,DTXCID3011133,C14H18O4,250.1205091,CCCOC(=O)C1=C(C=CC=C1)C(=O)OCCC,8.9,0,,,,,,15900811,6150078,1560209,,,
Esi+,DTXSID5032573,Pyridaben,DTXCID3012573,C19H25ClN2OS,364.1376123,CC(C)(C)N1N=CC(SCC2=CC=C(C=C2)C(C)(C)C)=C(Cl)C1=O,13.38,0,,,,,,107590357,33532009,6448933,14357309,1063678,558914
Esi+,DTXSID5032579,Triclopyr-butotyl,DTXCID3012579,C13H16Cl3NO4,355.0144911,CCCCOCCOC(=O)COC1=C(Cl)C=C(Cl)C(Cl)=N1,11.52,0,,,,,,8130638,3625935,814768,,,
Esi+,DTXSID5034303,Fluroxypyr-meptyl,DTXCID3014303,C15H21Cl2FN2O3,366.0913261,CCCCCCC(C)OC(=O)COC1=NC(F)=C(Cl)C(N)=C1Cl,12.48,0,,,,,,54161292,17191744,3638896,,,
Esi+,DTXSID5034355,Triflumuron,DTXCID3014355,C15H10ClF3N2O3,358.0332044,FC(F)(F)OC1=CC=C(NC(=O)NC(=O)C2=CC=CC=C2Cl)C=C1,10.24,0,,,,,,9390767,4924919,1005296,,,
Esi+,DTXSID5037494,Deethylatrazine,DTXCID3017494,C6H10ClN5,187.062473,CC(C)NC1=NC(Cl)=NC(N)=N1,2.04,0,,,,,,6243323,2878685,551229,,,
Esi+,DTXSID5037498,Azinphos-ethyl,DTXCID3017498,C12H16N3O3PS2,345.0370707,CCOP(=S)(OCC)SCN1N=NC2=CC=CC=C2C1=O,8.39,0,,,,,,6905737,3413409,593162,,,
Esi+,DTXSID5037527,Diethofencarb,DTXCID3017527,C14H21NO4,267.1470582,CCOC1=CC=C(NC(=O)OC(C)C)C=C1OCC,7.09,0,,,,,,13322681,4858379,969537,,,
Esi+,DTXSID5040708,4-Hexylaniline,DTXCID3020708,C12H19N,177.1517496,CCCCCCC1=CC=C(N)C=C1,9.98,0,,,,,,1800162,660599,143959,,,
Esi+,DTXSID5040758,AM580,DTXCID3020758,C22H25NO3,351.1834437,CC1(C)CCC(C)(C)C2=C1C=CC(=C2)C(=O)NC1=CC=C(C=C1)C(O)=O,8.96,0,,,,,,2272516,960146,268048,,,
Esi+,DTXSID5041275,1-Monolaurin,DTXCID3021275,C15H30O4,274.2144094,CCCCCCCCCCCC(=O)OCC(O)CO,11.62,0,,,,,,700932,316078,87148,,,
Esi+,DTXSID5041512,4-Chlorophenylurea,DTXCID3021512,C7H7ClN2O,170.0246906,NC(=O)NC1=CC=C(Cl)C=C1,2.51,0,,,,,,3405757,2023437,457774,,,
Esi+,DTXSID5041691,Butam,DTXCID3021691,C15H23NO,233.1779644,CC(C)N(CC1=CC=CC=C1)C(=O)C(C)(C)C,8.9,0,,,,,,44008564,12896739,2362379,,,
Esi+,DTXSID5042297,Pirimiphos-ethyl,DTXCID3022297,C13H24N3O3PS,333.1275998,CCOP(=S)(OCC)OC1=CC(C)=NC(=N1)N(CC)CC,11.62,0,,,,,,80459672,25503096,4357707,,,
Esi+,DTXSID5044526,N-(4-Ethoxyphenyl)-3-oxobutanamide,DTXCID3024526,C12H15NO3,221.1051933,CCOC1=CC=C(NC(=O)CC(C)=O)C=C1,2.49,0,,,,,,21583888,9637580,2293780,,,
Esi+,DTXSID5044528,Oxyphenisatin,DTXCID3024528,C20H15NO3,317.1051933,OC1=CC=C(C=C1)C1(C(=O)NC2=CC=CC=C12)C1=CC=C(O)C=C1,4.59,0,,,,,,1195832,664629,132042,,,
Esi+,DTXSID5044865,"2,2'-(Tetradecylimino)diethanol",DTXCID3024865,C18H39NO2,301.2980795,CCCCCCCCCCCCCCN(CCO)CCO,11.86,0,,,,,,54474433,24104045,5055103,,,
Esi+,DTXSID5044869,4-(3-Phenylpropyl)pyridine,DTXCID3024869,C14H15N,197.1204495,C(CC1=CC=CC=C1)CC1=CC=NC=C1,8.53,0,,,,,,30301556,8196702,1840825,,,
Esi+,DTXSID5044940,"Octahydro-1H-4,7-methanoindene-1,5-diyldimethanediyl bisprop-2-enoate",DTXCID3024940,C18H24O4,304.1674593,C=CC(=O)OCC1CCC2C3CC(CC3COC(=O)C=C)C12,11.35,0,,,,,,7415010,2332422,512966,,,
Esi+,DTXSID5047031,Tribenzylamine,DTXCID3027031,C21H21N,287.1673997,C(N(CC1=CC=CC=C1)CC1=CC=CC=C1)C1=CC=CC=C1,14.09,0,,,,,,104256176,27287618,5254958,,,
Esi+,DTXSID5047039,N-Ethyl-4-menthane-3-carboxamide,DTXCID3027039,C13H25NO,211.1936144,CCNC(=O)C1CC(C)CCC1C(C)C,8.57,0,,,,,,29811012,13200105,2778986,,,
Esi+,DTXSID5047087,Methyl 2-methoxybenzoate,DTXCID3027087,C9H10O3,166.0629942,COC(=O)C1=C(OC)C=CC=C1,3.38,0,,,,,,1647829,905492,343028,,,
Esi+,DTXSID5047291,CI-1044,DTXCID90210212,C23H19N5O2,397.1538749,Nc1cc2CCN3c2c(c1)C(=NC(NC(=O)c1cccnc1)C3=O)c1ccccc1,3.23,0,,,,,,14541740,4740671,936037,,,
Esi+,DTXSID5047295,UK-373911,DTXCID50210213,C17H18Cl2N2O2S,384.0466044,CNC1CCC(C2=CC(Cl)=C(Cl)C=C2)C2=C1C=C(C=C2)S(N)(=O)=O,5.02,0,,,,,,2669170,1308707,270507,,,
Esi+,DTXSID5047320,SB236057A,DTXCID8027321,C33H34N4O3,534.263091,CCN1CCC2(COC3=C2C=C2N(CCC2=C3)C(=O)C2=CC=C(C=C2)C2=CC=C(C=C2C)C2=NN=C(C)O2)CC1,7.42,0,,,,,,43602388,13772637,2091144,,,
Esi+,DTXSID5047322,SB243213A,DTXCID8027323,C22H19F3N4O2,428.1460104,CC1=CC2=C(C=C1C(F)(F)F)N(CC2)C(=O)NC1=CC=C(OC2=CC=CN=C2C)N=C1,9.91,0,,,,,,44925220,16691368,2732377,,,
Esi+,DTXSID5047324,SB281832,DTXCID3027324,C22H19FN4O3,406.1441187,OCC(CO)N1C=NC(=C1C1=CC=NC(OC2=CC=CC=C2)=N1)C1=CC=C(F)C=C1,6.29,0,,,,,,18166090,6658174,1357154,2718387,3306740,775758
Esi+,DTXSID5047328,MK-274,DTXCID8027329,C18H12F6N4O2,430.0864446,NC(=O)C1=NC(=NN1)C1=CC=CC(=C1)C1=CC(F)=CC=C1OCC(F)(F)C(F)(F)F,9.02,0,,,,,,11406585,4508574,992515,7920052,2971475,678266
Esi+,DTXSID5047372,AVE3295,DTXCID50197212,C25H22FN3O3S,463.1365909,CCC(NC(=O)C1=C(NS(=O)(=O)C2=CC=CC3=CC=CN=C23)C=CC(F)=C1)C1=CC=CC=C1,8.63,0,,,,,,98103144,38719524,8133865,,,
Esi+,DTXSID5047374,SSR161421,DTXCID3027374,C25H20N4O2,408.1586259,COC1=CC=C(C=C1)C(=O)NC1=C(C#N)C(NCC2=CC=CC=C2)=C2C=CC=CC2=N1,7.49,0,,,,,,40688724,12562073,1939649,,,
Esi+,DTXSID5047376,AVE2865,DTXCID3027376,C20H17ClF3N3O4,455.0859682,OC(=O)C1CCN(CC1)C1=C(NC(=O)NC(=O)C2=CC(F)=C(F)C=C2Cl)C=C(F)C=C1,7.62,0,,,,,,10412976,,709894,,,
Esi+,DTXSID5047530,Hydroxyzine hydrochloride,DTXCID203137,C21H27ClN2O2,374.1761058,OCCOCCN1CCN(CC1)C(C1=CC=CC=C1)C1=CC=C(Cl)C=C1,8.15,0,,,,,,42037524,11515249,2484411,,,
Esi+,DTXSID5048184,Melengestrol acetate,DTXCID70210270,C25H32O4,396.2300595,CC(=O)OC1(C(C)=O)C(=C)CC2C3C=C(C)C4=CC(=O)CCC4(C)C3CCC12C,9.76,0,,,,,,11946399,4834665,927214,,,
Esi+,DTXSID5048506,PharmaGSID_48506,DTXCID30210276,C19H22ClN3O3S,407.1070405,CS(=O)(=O)C1=CC=C(C=C1Cl)C(CC1CCCC1)C(=O)NC1=NC=CN=C1,8.5,0,,,,,,18268748,5863157,1081872,,,
Esi+,DTXSID6020222,N-Butylurea,DTXCID20222,C5H12N2O,116.094963,CCCCNC(N)=O,0.98,0,,,,,,11076890,2369024,455526,,,
Esi+,DTXSID6020721,3-Hydroxy-4-butyrophenetidide,DTXCID40721,C12H17NO3,223.1208434,CCOC1=CC=C(NC(=O)CC(C)O)C=C1,2.51,0,,,,,,11687820,3939438,715775,,,
Esi+,DTXSID6021117,Phenazone,DTXCID401117,C11H12N2O,188.094963,CN1N(C(=O)C=C1C)C1=CC=CC=C1,1.27,0,,,,,,27454340,9955664,1598872,,,
Esi+,DTXSID6021290,Sulfamethazine,DTXCID201290,C12H14N4O2S,278.0837469,CC1=CC(C)=NC(NS(=O)(=O)C2=CC=C(N)C=C2)=N1,0.84,0,,,,,,11870057,3256768,1054735,,,
Esi+,DTXSID6021296,Suxibuzone,DTXCID601296,C24H26N2O6,438.1790866,CCCCC1(COC(=O)CCC(O)=O)C(=O)N(N(C1=O)C1=CC=CC=C1)C1=CC=CC=C1,7.01,0,,,,,,7669627,3384481,719846,,,
Esi+,DTXSID6021371,Triamcinolone acetonide,DTXCID60209113,C24H31FO6,434.2104669,CC1(C)OC2CC3C4CCC5=CC(=O)C=CC5(C)C4(F)C(O)CC3(C)C2(O1)C(=O)CO,6.74,0,,,,,,9324488,4472544,819304,,,
Esi+,DTXSID6021373,Triamterene,DTXCID001373,C12H11N7,253.1075934,NC1=NC(N)=C2N=C(C(N)=NC2=N1)C1=CC=CC=C1,1.62,0,,,,,,27946186,8071137,1397684,,,
Esi+,DTXSID6021793,1-Naphthol,DTXCID401793,C10H8O,144.0575149,OC1=CC=CC2=CC=CC=C12,4.5,0,,,,,,2618449,912702,204304,705083,115568,67718
Esi+,DTXSID6021953,Fensulfothion,DTXCID601953,C11H17O4PS2,308.0305884,CCOP(=S)(OCC)OC1=CC=C(C=C1)S(C)=O,6.15,0,,,,,,17992556,7701978,1487830,,,
Esi+,DTXSID6022341,Prometon,DTXCID402341,C10H19N5O,225.1589603,COC1=NC(NC(C)C)=NC(NC(C)C)=N1,6.71,0,,,,,,49519888,12920107,2241629,,,
Esi+,DTXSID6022391,Apigenin,DTXCID902391,C15H10O5,270.0528234,OC1=CC=C(C=C1)C1=CC(=O)C2=C(O1)C=C(O)C=C2O,5.56,0,,,,,,3241718,1026554,,,,
Esi+,DTXSID6022474,Corticosterone,DTXCID50209162,C21H30O4,346.2144094,CC12CC(O)C3C(CCC4=CC(=O)CCC34C)C1CCC2C(=O)CO,6.3,0,,,,,,6526815,2851611,651603,,,
Esi+,DTXSID6023868,Hydramethylnon,DTXCID60810263,C25H24F6N4,494.1905158,CC1(C)CNC(NC1)=NN=C(C=CC1=CC=C(C=C1)C(F)(F)F)C=CC1=CC=C(C=C1)C(F)(F)F,11.67,0,,,,,,69732055,23631199,3773421,,,
Esi+,DTXSID6024204,Metribuzin,DTXCID404204,C8H14N4OS,214.0888323,CSC1=NN=C(C(=O)N1N)C(C)(C)C,3.47,0,,,,,,13047784,5524946,938708,,,
Esi+,DTXSID6024337,Thiobencarb,DTXCID704337,C12H16ClNOS,257.064113,CCN(CC)C(=O)SCC1=CC=C(Cl)C=C1,10.09,0,,,,,,13889898,8056554,1557820,,,
Esi+,DTXSID6024460,4-Aminoazobenzene,DTXCID40809630,C12H11N3,197.0952974,NC1=CC=C(C=C1)N=NC1=CC=CC=C1,6.38,0,,,,,,12622866,4527477,927765,,,
Esi+,DTXSID6025068,Dihexyl phthalate,DTXCID505068,C20H30O4,334.2144094,CCCCCCOC(=O)C1=C(C=CC=C1)C(=O)OCCCCCC,14.07,0,,,,,,64846840,21531172,4561604,,,
Esi+,DTXSID6025272,Ethyl anthranilate,DTXCID805272,C9H11NO2,165.0789786,CCOC(=O)C1=C(N)C=CC=C1,11.2,0,,,,,,1556274,547935,126771,,,
Esi+,DTXSID6032354,Clodinafop-propargyl,DTXCID1065215,C17H13ClFNO4,349.0517138,CC(OC1=CC=C(OC2=NC=C(Cl)C=C2F)C=C1)C(=O)OCC#C,9.46,0,,,,,,33516384,11531224,2411051,,,
Esi+,DTXSID6032431,S-Metolachlor,DTXCID402448,C15H22ClNO2,283.1339067,CCC1=C(N(C(C)COC)C(=O)CCl)C(C)=CC=C1,8.96,0,,,,,,44083168,13560905,2625578,,,
Esi+,DTXSID6032647,2-(Thiocyanomethylthio)benzothiazole,DTXCID4012647,C9H6N2S3,237.9693117,N#CSCSC1=NC2=CC=CC=C2S1,6.59,0,,,,,,3276747,1922182,423849,,,
Esi+,DTXSID6034392,Boscalid,DTXCID4014392,C18H12Cl2N2O,342.0326684,ClC1=CC=C(C=C1)C1=C(NC(=O)C2=C(Cl)N=CC=C2)C=CC=C1,7.61,0,,,,,,9049137,4359170,1190654,,,
Esi+,DTXSID6040290,Chlorbromuron,DTXCID4020290,C9H10BrClN2O2,291.961418,CON(C)C(=O)NC1=CC(Cl)=C(Br)C=C1,7.12,0,,,,,,11218057,4997282,1158916,,,
Esi+,DTXSID6040664,Crotamiton,DTXCID4020664,C13H17NO,203.1310142,CCN(C(=O)C=CC)C1=CC=CC=C1C,7.22,0,,,,,,20740720,6495336,1266836,,,
Esi+,DTXSID6040745,4-[3-(4-Acetyl-3-hydroxy-2-propylphenoxy)propoxy]phenoxy-acetic acid,DTXCID4020745,C22H26O7,402.1678532,CCCC1=C(OCCCOC2=CC=C(OCC(O)=O)C=C2)C=CC(C(C)=O)=C1O,8.22,0,,,,,,1946537,749660,,,,
Esi+,DTXSID6040747,17alpha-Hydroxyprogesterone,DTXCID80209675,C21H30O3,330.2194948,CC(=O)C1(O)CCC2C3CCC4=CC(=O)CCC4(C)C3CCC12C,8.32,0,,,,,,7440134,3410436,735899,841086,162288,42056
Esi+,DTXSID6041268,Fenchlorazole-ethyl,DTXCID4021268,C12H8Cl5N3O2,400.905915,CCOC(=O)C1=NN(C(=N1)C(Cl)(Cl)Cl)C1=C(Cl)C=C(Cl)C=C1,10.23,0,,,,,,34354260,11825583,2391822,,,
Esi+,DTXSID6041422,7-(Dimethylamino)-4-methylcoumarin,DTXCID4021422,C12H13NO2,203.0946287,CN(C)C1=CC2=C(C=C1)C(C)=CC(=O)O2,5.09,0,,,,,,19580818,6370051,1300243,3854155,1300534,275749
Esi+,DTXSID6041688,Bupirimate,DTXCID4021688,C13H24N4O3S,316.1569118,CCCCC1=C(OS(=O)(=O)N(C)C)N=C(NCC)N=C1C,9.38,0,,,,,,41271308,13818027,2791670,,,
Esi+,DTXSID6041977,Flamprop-isopropyl,DTXCID4021977,C19H19ClFNO3,363.1037493,CC(C)OC(=O)C(C)N(C(=O)C1=CC=CC=C1)C1=CC(Cl)=C(F)C=C1,10.34,0,,,,,,53618116,17311488,3057827,,,
Esi+,DTXSID6042072,Isoprocarb,DTXCID4022072,C11H15NO2,193.1102787,CNC(=O)OC1=C(C=CC=C1)C(C)C,5.67,0,,,,,,15135768,5068788,,2642549,368834,
Esi+,DTXSID6042157,Metobromuron,DTXCID4022157,C9H11BrN2O2,258.000391,CON(C)C(=O)NC1=CC=C(Br)C=C1,4.94,0,,,,,,3123187,1333907,264147,,,
Esi+,DTXSID6042365,"6-Ethoxy-2,3,4-trimethyl-1,2,3,4-tetrahydroquinoline",DTXCID4022365,C14H21NO,219.1623143,CCOC1=CC=C2NC(C)(C)CC(C)C2=C1,8.63,0,,,,,,8747554,2546996,513352,,,
Esi+,DTXSID6043709,Cyclopamine,DTXCID70209861,C27H41NO2,411.3137296,CC1C2NCC(C)CC2OC11CCC2C3CC=C4CC(O)CCC4(C)C3CC2=C1C,7.12,0,,,,,,10621551,3499991,576916,,,
Esi+,DTXSID6043915,Hydroxyprogesterone caproate,DTXCID70209866,C27H40O4,428.2926598,CCCCCC(=O)OC1(CCC2C3CCC4=CC(=O)CCC4(C)C3CCC12C)C(C)=O,11.98,0,,,,,,54620112,26460324,4838936,,,
Esi+,DTXSID6044303,Atorvastatin calcium,DTXCID80197003,C33H35FN2O5,558.2530004,CC(C)C1=C(C(=O)NC2=CC=CC=C2)C(=C(N1CCC(O)CC(O)CC(O)=O)C1=CC=C(F)C=C1)C1=CC=CC=C1,8.41,0,,,,,,10037192,3857088,809952,2884505,747372,222748
Esi+,DTXSID6044355,Dibenzylamine,DTXCID4024355,C14H15N,197.1204495,C(NCC1=CC=CC=C1)C1=CC=CC=C1,2.33,0,,,,,,23740836,7125363,,,,
Esi+,DTXSID6044430,"1,2-Diphenylethanone",DTXCID4024430,C14H12O,196.088815,O=C(CC1=CC=CC=C1)C1=CC=CC=C1,7.09,0,,,,,,2045030,1061398,155329,,,
Esi+,DTXSID6044486,"1,3-Dipropan-2-ylurea",DTXCID4024486,C7H16N2O,144.1262631,CC(C)NC(=O)NC(C)C,1.42,0,,,,,,17329946,6037386,1445928,2020774,1078387,368244
Esi+,DTXSID6044515,Tetraethyleneglycol dimethacrylate,DTXCID4024515,C16H26O7,330.1678532,CC(=C)C(=O)OCCOCCOCCOCCOC(=O)C(C)=C,7.05,0,,,,,,838613,300762,63413,,,
Esi+,DTXSID6044561,Bupropion hydrochloride,DTXCID002706,C13H18ClNO,239.1076919,CC(NC(C)(C)C)C(=O)C1=CC=CC(Cl)=C1,4.1,0,,,,,,24648084,7483354,1617744,198816,919436,105459
Esi+,DTXSID6044690,"1,1'-[Ethane-1,2-diylbis(oxy)]bis(3-methylbenzene)",DTXCID4024690,C16H18O2,242.1306798,CC1=CC(OCCOC2=CC=CC(C)=C2)=CC=C1,11.11,0,,,,,,334263,149273,,,,
Esi+,DTXSID6044692,Scopolamine hydrochloride,DTXCID90196688,C17H21NO4,303.1470582,[H]C12CC(CC([H])(C3OC13)N2C)OC(=O)C(CO)C1=CC=CC=C1,1.37,0,,,,,,14062071,4566878,881971,,,
Esi+,DTXSID6044858,5-Phenyl-1H-tetrazole,DTXCID4024858,C7H6N4,146.0592462,N1N=NN=C1C1=CC=CC=C1,0.74,0,,,,,,514269,97051,83810,,,
Esi+,DTXSID6046979,"1-(2,6-Dichlorophenyl)-2-indolinone",DTXCID4026979,C14H9Cl2NO,277.0061193,ClC1=CC=CC(Cl)=C1N1C(=O)CC2=C1C=CC=C2,7.52,0,,,,,,16162364,6165673,1231046,,,
Esi+,DTXSID6047280,CP-607366,DTXCID4027280,C14H12Cl2FNO,299.0279976,CNCC1=C(OC2=CC=C(Cl)C(Cl)=C2)C=CC(F)=C1,6.78,0,,,,,,22531430,6957046,1601391,,,
Esi+,DTXSID6047282,CP-671305,DTXCID40210207,C23H19FN2O7,454.1176291,CC(OC1=CC(F)=C(CNC(=O)C2=C(OC3=CC=C4OCOC4=C3)N=CC=C2)C=C1)C(O)=O,4.04,0,,,,,,1908645,675481,133568,,,
Esi+,DTXSID6047286,Candoxatril,DTXCID30210211,C29H41NO7,515.2883027,COCCOCC(CC1(CCCC1)C(=O)NC1CCC(CC1)C(O)=O)C(=O)OC1=CC2=C(CCC2)C=C1,9.13,0,,,,,,30275726,9946185,2030481,,,
Esi+,DTXSID6047311,GSK163929B,DTXCID4027311,C36H40ClF2N5O3S,695.2508454,CNS(=O)(=O)C1=C(F)C=C(Cl)C(=C1)C(=O)N1CCC(CCN2C3CCC2CC(C3)N2C(C)=NC3=C2C=CC=C3)(CC1)C1=CC(F)=CC=C1,10.59,0,,,,,,64815084,18387632,2552415,,,
Esi+,DTXSID6047313,GW473178E methyl benzene sulphonic acid,DTXCID60197203,C21H29N3O2,355.2259772,CCN(C(C)C)C(=O)C1=CC(C)=CC(OCC(C)NC2=CC=NC=C2)=C1,5.38,0,,,,,,22275140,6781828,1353883,,,
Esi+,DTXSID6047319,Carabersat,DTXCID20210220,C20H20FNO4,357.1376363,CC(=O)C1=CC=C2OC(C)(C)C(O)C(NC(=O)C3=CC=C(F)C=C3)C2=C1,5.46,0,,,,,,16766723,5750330,1131465,2910378,587180,185616
Esi+,DTXSID6047363,Volinanserin,DTXCID70210230,C22H28FNO3,373.2053219,COC1=CC=CC(C(O)C2CCN(CCC3=CC=C(F)C=C3)CC2)=C1OC,4.59,0,,,,,,73871494,17088892,2789088,52283309,10539463,1608641
Esi+,DTXSID6047446,Fipexide hydrochloride,DTXCID3024657,C20H21ClN2O4,388.1189849,ClC1=CC=C(OCC(=O)N2CCN(CC3=CC4=C(OCO4)C=C3)CC2)C=C1,8.86,0,,,,,,36324312,12847657,2751403,,,
Esi+,DTXSID6048175,FR140423,DTXCID2028149,C18H16F2N2O2S,362.0900553,COC1=CC=C(C=C1)N1N=C(C=C1C1=CC=C(C=C1)S(C)=O)C(F)F,5.96,0,,,,,,10679478,5315683,989168,,,
Esi+,DTXSID7020057,1-Amino-2-methylanthraquinone,DTXCID9057,C15H11NO2,237.0789786,CC1=CC=C2C(=O)C3=C(C=CC=C3)C(=O)C2=C1N,7.47,0,,,,,,6409031,2621524,566671,2569854,128837,39206
Esi+,DTXSID7020344,Tomelukast,DTXCID30344,C16H22N4O3,318.1691906,CCCC1=C(OCCCCC2=NN=NN2)C=CC(C(C)=O)=C1O,7.05,0,,,,,,4561210,1884939,457987,1302346,257902,94655
Esi+,DTXSID7020504,4-Dimethylaminoantipyrine,DTXCID70504,C13H17N3O,231.1371622,CN(C)C1=C(C)N(C)N(C1=O)C1=CC=CC=C1,2.48,0,,,,,,19680152,4494326,559881,,,
Esi+,DTXSID7020552,Doxylamine succinate,DTXCID102970,C17H22N2O,270.1732133,CN(C)CCOC(C)(C1=CC=CC=C1)C1=NC=CC=C1,2.68,0,,,,,,36322940,10549754,,,,
Esi+,DTXSID7020760,Ifosfamide,DTXCID90760,C7H15Cl2N2O2P,260.0248201,ClCCNP1(=O)OCCCN1CCCl,2.36,0,,,,,,10812408,5227046,1067826,,,
Esi+,DTXSID7020766,Propham,DTXCID70766,C10H13NO2,179.0946287,CC(C)OC(=O)NC1=CC=CC=C1,2.31,0,,,,,,32761024,14438436,2939512,,,
Esi+,DTXSID7021237,Reserpine,DTXCID00208766,C33H40N2O9,608.2733809,COC1C(CC2CN3CCC4=C(NC5=C4C=CC(OC)=C5)C3CC2C1C(=O)OC)OC(=O)C1=CC(OC)=C(OC)C(OC)=C1,9.49,0,,,,,,4017244,1283649,305330,,,
Esi+,DTXSID7021780,Diethyl phthalate,DTXCID901780,C12H14O4,222.0892089,CCOC(=O)C1=CC=CC=C1C(=O)OCC,6.15,0,,,,,,7303560,2645169,529951,,,
Esi+,DTXSID7021784,Salicylanilide,DTXCID501784,C13H11NO2,213.0789786,OC1=C(C=CC=C1)C(=O)NC1=CC=CC=C1,5.81,0,,,,,,10772464,3861459,753296,,,
Esi+,DTXSID7021948,Propoxur,DTXCID301948,C11H15NO3,209.1051933,CNC(=O)OC1=CC=CC=C1OC(C)C,3.92,0,,,,,,15896892,5390611,999212,,,
Esi+,DTXSID7022120,Carbophenothion,DTXCID002120,C11H16ClO2PS3,341.973858,CCOP(=S)(OCC)SCSC1=CC=C(Cl)C=C1,12.22,0,,,,,,1881170,681488,200852,,,
Esi+,DTXSID7022172,Aminocarb,DTXCID302172,C11H16N2O2,208.1211778,CNC(=O)OC1=CC(C)=C(C=C1)N(C)C,3.71,0,,,,,,25627840,6825693,1285751,,,
Esi+,DTXSID7022598,Amoxapine,DTXCID102598,C17H16ClN3O,313.0981898,ClC1=CC=C2OC3=C(C=CC=C3)N=C(N3CCNCC3)C2=C1,5.95,0,,,,,,38018088,14804168,2647079,,,
Esi+,DTXSID7023300,Methylprednisolone,DTXCID70209285,C22H30O5,374.2093241,CC1CC2C3CCC(O)(C(=O)CO)C3(C)CC(O)C2C2(C)C=CC(=O)C=C12,6.29,0,,,,,,5275734,1512249,271674,,,
Esi+,DTXSID7023510,Primidone,DTXCID603510,C12H14N2O2,218.1055277,CCC1(C(=O)NCNC1=O)C1=CC=CC=C1,4.49,0,,,,,,3291209,1735211,849688,247589,182878,208745
Esi+,DTXSID7023938,Butylphthalyl butylglycolate,DTXCID203938,C18H24O6,336.1572885,CCCCOC(=O)COC(=O)C1=CC=CC=C1C(=O)OCCCC,10.77,0,,,,,,26193108,7583089,1408829,,,
Esi+,DTXSID7024245,Pendimethalin,DTXCID004245,C13H19N3O4,281.1375561,CCC(CC)NC1=C(C(C)=C(C)C=C1[N+]([O-])=O)[N+]([O-])=O,11.95,0,,,,,,8503506,3463521,679073,,,
Esi+,DTXSID7024827,Chlorpromazine hydrochloride,DTXCID002808,C17H19ClN2S,318.0957475,CN(C)CCCN1C2=C(SC3=C1C=C(Cl)C=C3)C=CC=C2,7.75,0,,,,,,33798340,8319011,1162804,1227724,1098770,148536
Esi+,DTXSID7027540,N-Butylbenzenesulfonamide,DTXCID907540,C10H15NO2S,213.0823499,CCCCNS(=O)(=O)C1=CC=CC=C1,5.32,0,,,,,,4030668,1959025,476994,,,
Esi+,DTXSID7029320,2-Ethylhexyl 4-(dimethylamino)benzoate,DTXCID109320,C17H27NO2,277.2041791,CCCCC(CC)COC(=O)C1=CC=C(C=C1)N(C)C,13.34,0,,,,,,66152496,25240356,5413404,,,
Esi+,DTXSID7029611,Triethylene glycol dibenzoate,DTXCID809611,C20H22O6,358.1416384,O=C(OCCOCCOCCOC(=O)C1=CC=CC=C1)C1=CC=CC=C1,9.06,0,,,,,,5077743,1737446,272451,,,
Esi+,DTXSID7029879,Ketoconazole,DTXCID90196446,C26H28Cl2N4O4,530.1487608,CC(=O)N1CCN(CC1)C1=CC=C(OCC2COC(CN3C=CN=C3)(O2)C2=CC=C(Cl)C=C2Cl)C=C1,9.7,0,,,,,,72392016,18051328,1526780,,,
Esi+,DTXSID7031531,Leucomalachite green,DTXCID5011531,C23H26N2,330.2095988,CN(C)C1=CC=C(C=C1)C(C1=CC=CC=C1)C1=CC=C(C=C1)N(C)C,12.52,0,,,,,,88149672,18123132,1956347,,,
Esi+,DTXSID7032393,Fenoxycarb,DTXCID5012393,C17H19NO4,301.1314081,CCOC(=O)NCCOC1=CC=C(OC2=CC=CC=C2)C=C1,9.36,0,,,,,,17295288,6924893,1578348,,,
Esi+,DTXSID7032470,Propetamphos,DTXCID30810119,C10H20NO4PS,281.0850663,CCNP(=S)(OC)OC(C)=CC(=O)OC(C)C,8.48,0,,,,,,6861371,2252145,473310,,,
Esi+,DTXSID7032630,N-Benzyladenine,DTXCID5012630,C12H11N5,225.1014454,C(NC1=C2N=CN=C2N=CN1)C1=CC=CC=C1,3.34,0,,,,,,52330668,15296632,2748522,,,
Esi+,DTXSID7032638,Pyraclostrobin,DTXCID5012638,C19H18ClN3O4,387.0985838,CON(C(=O)OC)C1=C(COC2=NN(C=C2)C2=CC=C(Cl)C=C2)C=CC=C1,10.12,0,,,,,,72792952,22109864,3858018,,,
Esi+,DTXSID7032688,Phenothrin,DTXCID00196513,C23H26O3,350.1881947,CC(C)=CC1C(C(=O)OCC2=CC=CC(OC3=CC=CC=C3)=C2)C1(C)C,13.67,1,1,First,,,,1499000,,,,,
Esi+,DTXSID7032688,Phenothrin,DTXCID00196513,C23H26O3,350.1881947,CC(C)=CC1C(C(=O)OCC2=CC=CC(OC3=CC=CC=C3)=C2)C1(C)C,13.95,1,2,Second,,,,12379372,4030176,774070,,,
Esi+,DTXSID7032688,Phenothrin,DTXCID00196513,C23H26O3,350.1881947,CC(C)=CC1C(C(=O)OCC2=CC=CC(OC3=CC=CC=C3)=C2)C1(C)C,14.14,1,3,Third,,,,5962924,1894649,324258,,,
Esi+,DTXSID7034250,Chlorfenvinphos,DTXCID5014250,C12H14Cl3O4P,357.969529,CCOP(=O)(OCC)OC(=CCl)C1=C(Cl)C=C(Cl)C=C1,10.21,1,1,First,,,,40200752,11322415,2263472,,,
Esi+,DTXSID7034250,Chlorfenvinphos,DTXCID5014250,C12H14Cl3O4P,357.969529,CCOP(=O)(OCC)OC(=CCl)C1=C(Cl)C=C(Cl)C=C1,10.62,1,2,Second,,,,2107286,884681,218661,,,
Esi+,DTXSID7034383,Bispyribac-sodium,DTXCID8023977,C19H18N4O8,430.1124636,COC1=CC(OC)=NC(OC2=CC=CC(OC3=NC(OC)=CC(OC)=N3)=C2C(O)=O)=N1,4.75,0,,,,,,9280093,2850301,531095,,,
Esi+,DTXSID7034676,Isazofos,DTXCID5014676,C9H17ClN3O3PS,313.0416773,CCOP(=S)(OCC)OC1=NN(C(C)C)C(Cl)=N1,8.6,0,,,,,,66696816,26939042,5655290,,,
Esi+,DTXSID7034961,Thiacloprid,DTXCID90810397,C10H9ClN4S,252.0236452,ClC1=CC=C(CN2CCSC2=NC#N)C=N1,2.11,0,,,,,,10397936,4547125,875109,2094462,1034972,101490
Esi+,DTXSID7035010,Sodium warfarin,DTXCID20196838,C19H16O4,308.104859,CC(=O)CC(C1C(=O)Oc2ccccc2C1=O)c1ccccc1,4.79,0,,,,,,14712707,3993374,1047609,,,
Esi+,DTXSID7037185,Amiodarone hydrochloride,DTXCID702592,C25H29I2NO3,645.02368,CCCCC1=C(C(=O)C2=CC(I)=C(OCCN(CC)CC)C(I)=C2)C2=CC=CC=C2O1,13.06,0,,,,,,106032072,31616464,4977548,,,
Esi+,DTXSID7037551,Fenuron,DTXCID5017551,C9H12N2O,164.094963,CN(C)C(=O)NC1=CC=CC=C1,1.44,0,,,,,,16266894,5476418,1189921,,,
Esi+,DTXSID7037555,tau-Fluvalinate,DTXCID904110,C26H22ClF3N2O3,502.1271048,CC(C)C(NC1=C(Cl)C=C(C=C1)C(F)(F)F)C(=O)OC(C#N)C1=CC=CC(OC2=CC=CC=C2)=C1,14.08,1,1,First,,,,1257333,,,,,
Esi+,DTXSID7037555,tau-Fluvalinate,DTXCID904110,C26H22ClF3N2O3,502.1271048,CC(C)C(NC1=C(Cl)C=C(C=C1)C(F)(F)F)C(=O)OC(C#N)C1=CC=CC(OC2=CC=CC=C2)=C1,14.49,1,2,Second,,,,7601936,2324288,544686,1516640,129529,66047
Esi+,DTXSID7040152,Arbutin,DTXCID80209610,C12H16O7,272.0896029,OCC1OC(OC2=CC=C(O)C=C2)C(O)C(O)C1O,3.4,0,,,,,,1850207,734443,169949,,,
Esi+,DTXSID7040287,Chloroxuron,DTXCID5020287,C15H15ClN2O2,290.0822054,CN(C)C(=O)NC1=CC=C(OC2=CC=C(Cl)C=C2)C=C1,8.15,0,,,,,,39070464,14798448,2769049,,,
Esi+,DTXSID7040738,Imipramine hydrochloride,DTXCID9023881,C19H24N2,280.1939488,CN(C)CCCN1C2=CC=CC=C2CCC2=CC=CC=C12,6.28,0,,,,,,30002632,9589266,1483805,,,
Esi+,DTXSID7041097,PK 11195,DTXCID5021097,C21H21ClN2O,352.134241,CCC(C)N(C)C(=O)C1=CC2=C(C=CC=C2)C(=N1)C1=CC=CC=C1Cl,10.09,0,,,,,,32408504,10033272,2042525,,,
Esi+,DTXSID7041544,"6-Acetyl-1,1,2,4,4,7-hexamethyltetralin",DTXCID5021544,C18H26O,258.1983655,CC1CC(C)(C)C2=C(C=C(C)C(=C2)C(C)=O)C1(C)C,12.85,0,,,,,,31472906,10503928,1951746,,,
Esi+,DTXSID7041623,Benodanil,DTXCID5021623,C13H10INO,322.98071,IC1=C(C=CC=C1)C(=O)NC1=CC=CC=C1,5.78,0,,,,,,44722728,11861316,2010428,,,
Esi+,DTXSID7041629,"2,2'-Dibenzoylaminodiphenyl disulfide",DTXCID5021629,C26H20N2O2S2,456.0966202,O=C(NC1=CC=CC=C1SSC1=C(NC(=O)C2=CC=CC=C2)C=CC=C1)C1=CC=CC=C1,10.69,0,,,,,,20518864,6575275,1025653,,,
Esi+,DTXSID7041966,Famphur,DTXCID5021966,C10H16NO5PS2,325.020752,COP(=S)(OC)OC1=CC=C(C=C1)S(=O)(=O)N(C)C,5.84,0,,,,,,1153036,610458,120902,,,
Esi+,DTXSID7042011,N-Dodecanoyl-N-methylglycine,DTXCID5022011,C15H29NO3,271.2147438,CCCCCCCCCCCC(=O)N(C)CC(O)=O,9.1,0,,,,,,5723166,3200719,769174,,,
Esi+,DTXSID7042140,Methiuron,DTXCID5022140,C10H14N2S,194.0877696,CN(C)C(=S)NC1=CC(C)=CC=C1,2.49,0,,,,,,17163742,4827652,356964,,,
Esi+,DTXSID7042190,"N,N-Dimethyldecylamine oxide",DTXCID5022190,C12H27NO,201.2092645,CCCCCCCCCC[N+](C)(C)[O-],8.37,0,,,,,,44338152,12397813,2264249,,,
Esi+,DTXSID7042198,N-Butyl-p-toluenesulfonamide,DTXCID5022198,C11H17NO2S,227.098,CCCCNS(=O)(=O)C1=CC=C(C)C=C1,6.69,0,,,,,,8546951,4006097,922299,,,
Esi+,DTXSID7042356,2-(3-Phenylpropyl)pyridine,DTXCID5022356,C14H15N,197.1204495,C(CC1=CC=CC=C1)CC1=CC=CC=N1,8.37,0,,,,,,22550516,7021664,1420276,,,
Esi+,DTXSID7044340,Florasulam,DTXCID5024340,C12H8F3N5O3S,359.0299948,COC1=NC=C(F)C2=NC(=NN12)S(=O)(=O)NC1=C(F)C=CC=C1F,1.17,0,,,,,,618721,329966,99995,,,
Esi+,DTXSID7044342,Spirotetramat,DTXCID40209893,C21H27NO5,373.188923,CCOC(=O)OC1=C(C(=O)NC11CCC(CC1)OC)C1=CC(C)=CC=C1C,8.73,0,,,,,,19094312,8578972,1481209,,,
Esi+,DTXSID7044633,Indapamide,DTXCID5024633,C16H16ClN3O3S,365.0600903,CC1CC2=C(C=CC=C2)N1NC(=O)C1=CC(=C(Cl)C=C1)S(N)(=O)=O,3.69,0,,,,,,1188072,606126,117010,,,
Esi+,DTXSID7044716,1-Cyclohexylpyrrolidin-2-one,DTXCID5024716,C10H17NO,167.1310142,O=C1CCCN1C1CCCCC1,4.03,0,,,,,,19244720,6891439,1299796,,,
Esi+,DTXSID7047271,PD 0343701,DTXCID1027392,C25H30N4OS,434.2140328,CC1=CC(CCN2CCN(CC2)C2=NSC3=CC=CC=C23)=CC2=C1NC(=O)CC2(C)C,9.73,0,,,,,,80342600,25136688,5070412,,,
Esi+,DTXSID7047279,CP-532623,DTXCID80210206,C27H27F9N2O3,598.1877962,CCC1CC(N(CC2=CC(=CC(=C2)C(F)(F)F)C(F)(F)F)C(C)=O)C2=C(C=CC(=C2)C(F)(F)F)N1C(=O)OC(C)C,13.59,0,,,,,,10543627,3217372,561843,,,
Esi+,DTXSID7047356,Ilepatril,DTXCID40210227,C22H28N2O5S,432.1718932,CC(C)C(SC(C)=O)C(=O)NC1CC2=C(C=CC=C2)C2CCCC(N2C1=O)C(O)=O,5.08,0,,,,,,9198521,3687793,718066,,,
Esi+,DTXSID7047358,Nelivaptan,DTXCID00210228,C30H32ClN3O8S,629.1598639,COC1=CC=C(C(OC)=C1)S(=O)(=O)N1C(=O)C(N2CC(O)CC2C(=O)N(C)C)(C2=CC(Cl)=CC=C12)C1=CC=CC=C1OC,9.73,0,,,,,,41693456,14940347,2740035,,,
Esi+,DTXSID7047435,Fluorometholone,DTXCID40208740,C22H29FO4,376.2049876,CC1CC2C3CCC(O)(C(C)=O)C3(C)CC(O)C2(F)C2(C)C=CC(=O)C=C12,6.96,0,,,,,,4784353,1846298,456746,,,
Esi+,DTXSID7047568,Metamitron,DTXCID5027568,C10H10N4O,202.085461,CC1=NN=C(C(=O)N1N)C1=CC=CC=C1,1.43,0,,,,,,12815780,7562326,2017164,,,
Esi+,DTXSID7048168,Fabesetron hydrochloride,DTXCID80197245,C18H19N3O,293.1528122,CC1=C(CC2CCC3=C(C)C4=CC=CC=C4N3C2=O)NC=N1,6.95,0,,,,,,22496482,6547277,1215899,13286124,4057696,643220
Esi+,DTXSID8020202,Budesonide,DTXCID80209019,C25H34O6,430.2355388,CCCC1OC2CC3C4CCC5=CC(=O)C=CC5(C)C4C(O)CC3(C)C2(O1)C(=O)CO,8.98,0,,,,,,15267069,6627859,1516343,,,
Esi+,DTXSID8020252,Carbromal,DTXCID80252,C7H13BrN2O2,236.016041,CCC(Br)(CC)C(=O)NC(N)=O,4.33,0,,,,,,1670664,896841,209538,,,
Esi+,DTXSID8020830,8-Methoxypsoralen,DTXCID40830,C12H8O4,216.0422587,COC1=C2OC(=O)C=CC2=CC2=C1OC=C2,3.56,0,,,,,,42071772,18714676,4096174,,,
Esi+,DTXSID8021301,Tamoxifen citrate,DTXCID20809976,C26H29NO,371.2249146,CCC(=C(C1=CC=CC=C1)C1=CC=C(OCCN(C)C)C=C1)C1=CC=CC=C1,11.14,0,,,,,,69943368,21351744,3390965,,,
Esi+,DTXSID8021721,Strychnine hemisulphate salt,DTXCID80196697,C21H22N2O2,334.168128,[H]C12CC3([H])C4C5N6C7=C(C=CC=C7)C15CCN2CC3=CCOC4CC6=O,1.59,0,,,,,,29060060,10292563,1923507,,,
Esi+,DTXSID8022111,Propanil,DTXCID102111,C9H9Cl2NO,217.0061193,CCC(=O)NC1=CC=C(Cl)C(Cl)=C1,6.92,0,,,,,,2610414,1172985,264939,,,
Esi+,DTXSID8022406,"2,4-Dihydroxybenzophenone",DTXCID402406,C13H10O3,214.0629942,OC1=CC=C(C(=O)C2=CC=CC=C2)C(O)=C1,6.08,0,,,,,,1585728,840773,211020,,,
Esi+,DTXSID8022828,Cladribine,DTXCID60209219,C10H12ClN5O3,285.062867,NC1=C2N=CN(C3CC(O)C(CO)O3)C2=NC(Cl)=N1,0.67,0,,,,,,617583,125557,174886,,,
Esi+,DTXSID8023214,Levothyroxine,DTXCID103662,C15H11I4NO4,776.68669,NC(CC1=CC(I)=C(OC2=CC(I)=C(O)C(I)=C2)C(I)=C1)C(O)=O,7.58,0,,,,,,166440,49939,,,,
Esi+,DTXSID8023216,"3,5,3'-Triiodothyronine",DTXCID80197220,C15H12I3NO4,650.79004,NC(CC1=CC(I)=C(OC2=CC(I)=C(O)C=C2)C(I)=C1)C(O)=O,6.35,0,,,,,,146285,47217,,,,
Esi+,DTXSID8023848,Acetochlor,DTXCID303848,C14H20ClNO2,269.1182566,CCOCN(C(=O)CCl)C1=C(CC)C=CC=C1C,8.73,0,,,,,,4224068,1323250,320754,638879,74449,330
Esi+,DTXSID8024072,Diphenamid,DTXCID304072,C16H17NO,239.1310142,CN(C)C(=O)C(C1=CC=CC=C1)C1=CC=CC=C1,6.39,0,,,,,,35529952,11682573,1943808,,,
Esi+,DTXSID8024107,Fluridone,DTXCID404107,C19H14F3NO,329.1027486,CN1C=C(C(=O)C(=C1)C1=CC(=CC=C1)C(F)(F)F)C1=CC=CC=C1,6.88,0,,,,,,33400298,11974877,2003182,,,
Esi+,DTXSID8024109,Flutolanil,DTXCID204109,C17H16F3NO2,323.1133132,CC(C)OC1=CC(NC(=O)C2=C(C=CC=C2)C(F)(F)F)=CC=C1,8.33,0,,,,,,35744529,12173168,2355074,3968682,1036389,61313
Esi+,DTXSID8024157,Isopropalin,DTXCID904157,C15H23N3O4,309.1688562,CCCN(CCC)C1=C(C=C(C=C1[N+]([O-])=O)C(C)C)[N+]([O-])=O,13.19,0,,,,,,10503674,3003208,607237,,,
Esi+,DTXSID8024159,Isoxaben,DTXCID704159,C18H24N2O4,332.1736073,CCC(C)(CC)C1=NOC(NC(=O)C2=C(OC)C=CC=C2OC)=C1,8.29,0,,,,,,34560020,11891885,2426112,,,
Esi+,DTXSID8024238,Oryzalin,DTXCID904238,C12H18N4O6S,346.0947055,CCCN(CCC)C1=C(C=C(C=C1[N+]([O-])=O)S(N)(=O)=O)[N+]([O-])=O,8.95,0,,,,,,387855,173876,44918,,,
Esi+,DTXSID8024280,Propiconazole,DTXCID204280,C15H17Cl2N3O2,341.0697822,CCCC1COC(CN2C=NC=N2)(O1)C1=C(Cl)C=C(Cl)C=C1,9.78,1,1,First,,,,38703496,9092215,1992623,,,
Esi+,DTXSID8024280,Propiconazole,DTXCID204280,C15H17Cl2N3O2,341.0697822,CCCC1COC(CN2C=NC=N2)(O1)C1=C(Cl)C=C(Cl)C=C1,9.93,1,2,Second,,,,11440555,4137949,850043,,,
Esi+,DTXSID8024315,Myclobutanil,DTXCID304315,C15H17ClN4,288.1141743,CCCCC(CN1C=NC=N1)(C#N)C1=CC=C(Cl)C=C1,8.24,0,,,,,,9949659,4613848,1100529,,,
Esi+,DTXSID8024523,"4-Androstene-3,17-dione",DTXCID50209364,C19H26O2,286.1932801,CC12CCC3C(CCC4=CC(=O)CCC34C)C1CCC2=O,7.22,0,,,,,,7505412,3419628,828295,,,
Esi+,DTXSID8025094,Di(2-methoxyethyl) phthalate,DTXCID805094,C14H18O6,282.1103383,COCCOC(=O)C1=C(C=CC=C1)C(=O)OCCOC,3.96,0,,,,,,18310120,5968147,1136774,,,
Esi+,DTXSID8025670,4-Methylumbelliferone,DTXCID805670,C10H8O3,176.0473441,CC1=CC(=O)OC2=C1C=CC(O)=C2,2.28,0,,,,,,6331192,2523022,482838,,,
Esi+,DTXSID8027086,Methyl 12-hydroxyoctadecanoate,DTXCID507086,C19H38O3,314.2820951,CCCCCCC(O)CCCCCCCCCCC(=O)OC,14.4,0,,,,,,3063963,988203,240974,,,
Esi+,DTXSID8029868,Atorvastatin,DTXCID80197003,C33H35FN2O5,558.2530004,CC(C)C1=C(C(=O)NC2=CC=CC=C2)C(=C(N1CCC(O)CC(O)CC(O)=O)C1=CC=C(F)C=C1)C1=CC=CC=C1,8.19,0,,,,,,12066090,5151736,877419,,,
Esi+,DTXSID8030423,"5,6-Benzoflavone",DTXCID6010423,C19H12O2,272.0837296,O=C1C=C(OC2=C1C1=C(C=CC=C1)C=C2)C1=CC=CC=C1,10.09,0,,,,,,43905428,12558613,2548314,,,
Esi+,DTXSID8032417,Isofenphos,DTXCID6012417,C15H24NO4PS,345.1163664,CCOP(=S)(NC(C)C)OC1=CC=CC=C1C(=O)OC(C)C,10.79,0,,,,,,3893037,1424598,305663,,,
Esi+,DTXSID8032544,"Dipropyl 2,5-pyridinedicarboxylate",DTXCID6012544,C13H17NO4,251.115758,CCCOC(=O)C1=CC=C(N=C1)C(=O)OCCC,7.82,0,,,,,,31899374,10320027,2210780,,,
Esi+,DTXSID8032548,Fenbuconazole,DTXCID6012548,C19H17ClN4,336.1141743,ClC1=CC=C(CCC(CN2C=NC=N2)(C#N)C2=CC=CC=C2)C=C1,9.02,0,,,,,,9501526,5383237,1171209,,,
Esi+,DTXSID8032673,Pyrithiobac-sodium,DTXCID1017703,C13H11ClN2O4S,326.0128057,COC1=CC(OC)=NC(SC2=C(C(O)=O)C(Cl)=CC=C2)=N1,3.27,0,,,,,,1798194,888124,204529,,,
Esi+,DTXSID8032675,Sulprofos,DTXCID6012675,C12H19O2PS3,322.0284804,CCCSP(=S)(OCC)OC1=CC=C(SC)C=C1,11.75,1,1,First,,,,2123162,,,,,
Esi+,DTXSID8032675,Sulprofos,DTXCID6012675,C12H19O2PS3,322.0284804,CCCSP(=S)(OCC)OC1=CC=C(SC)C=C1,11.95,1,2,Second,,,,5564544,3027326,625613,,,
Esi+,DTXSID8034401,Buprofezin,DTXCID6014401,C16H23N3OS,305.1561835,CC(C)N1C(SCN(C1=O)C1=CC=CC=C1)=NC(C)(C)C,11.98,0,,,,,,103003424,33947444,5974767,,,
Esi+,DTXSID8034586,Etoxazole,DTXCID6014586,C21H23F2NO2,359.1696853,CCOC1=C(C=CC(=C1)C(C)(C)C)C1COC(=N1)C1=C(F)C=CC=C1F,12.7,0,,,,,,202070448,60896332,11811761,,,
Esi+,DTXSID8034792,Oxycarboxin,DTXCID6014792,C12H13NO4S,267.0565291,CC1=C(C(=O)NC2=CC=CC=C2)S(=O)(=O)CCO1,1.96,0,,,,,,17226748,8778986,2633122,,,
Esi+,DTXSID8034871,Pyraflufen-ethyl,DTXCID6014871,C15H13Cl2F3N2O4,412.0204468,CCOC(=O)COC1=C(Cl)C=C(F)C(=C1)C1=NN(C)C(OC(F)F)=C1Cl,10.16,0,,,,,,27107524,9889788,1844083,,,
Esi+,DTXSID8034877,Pyrimethanil,DTXCID6014877,C12H13N3,199.1109474,CC1=CC(C)=NC(NC2=CC=CC=C2)=N1,6.59,0,,,,,,27642254,11226098,1948437,,,
Esi+,DTXSID8034956,Tetraconazole,DTXCID6014956,C13H11Cl2F4N3O,371.02153,FC(F)C(F)(F)OCC(CN1C=NC=N1)C1=C(Cl)C=C(Cl)C=C1,9.1,0,,,,,,32565764,13944752,3035398,,,
Esi+,DTXSID8037594,Secbumeton,DTXCID6017594,C10H19N5O,225.1589603,CCNC1=NC(OC)=NC(NC(C)CC)=N1,6.69,0,,,,,,51077644,13489428,2672518,6406380,2718308,555687
Esi+,DTXSID8037752,Diphenyl isophthalate,DTXCID6017752,C20H14O4,318.0892089,O=C(OC1=CC=CC=C1)C1=CC(=CC=C1)C(=O)OC1=CC=CC=C1,10.96,0,,,,,,931412,373633,96894,,,
Esi+,DTXSID8037754,"2,4,6-Tris(allyloxy)-1,3,5-triazine",DTXCID6017754,C12H15N3O3,249.1113414,C=CCOC1=NC(OCC=C)=NC(OCC=C)=N1,7.9,0,,,,,,28488044,11434128,2381993,,,
Esi+,DTXSID8038801,N-Benzyl-9-(tetrahydro-2H-pyran-2-yl)adenine,DTXCID6018801,C17H19N5O,309.1589603,C(NC1=NC=NC2=C1N=CN2C1CCCCO1)C1=CC=CC=C1,6.35,0,,,,,,42860676,11563456,2113477,,,
Esi+,DTXSID8038857,2-Methyl-4'-(methylthio)-2-morpholinopropiophenone,DTXCID6018857,C15H21NO2S,279.1293001,CSC1=CC=C(C=C1)C(=O)C(C)(C)N1CCOCC1,8.83,0,,,,,,54267276,16219876,2547251,,,
Esi+,DTXSID8040484,Forskolin,DTXCID90209641,C22H34O7,410.2304534,CC(=O)OC1C(O)C2C(C)(C)CCC(O)C2(C)C2(O)C(=O)CC(C)(OC12C)C=C,8.42,0,,,,,,1917062,757109,156914,,,
Esi+,DTXSID8040723,2-Chloro-5-nitro-N-phenylbenzamide,DTXCID6020723,C13H9ClN2O3,276.0301699,[O-][N+](=O)C1=CC=C(Cl)C(=C1)C(=O)NC1=CC=CC=C1,5.33,0,,,,,,628869,270764,44359,,,
Esi+,DTXSID8040727,Flutriafol,DTXCID6020727,C16H13F2N3O,301.1026684,OC(CN1C=NC=N1)(C1=CC=C(F)C=C1)C1=C(F)C=CC=C1,5.83,0,,,,,,11104151,4854965,765487,,,
Esi+,DTXSID8041117,Roxithromycin,DTXCID90810337,C41H76N2O15,836.5245698,CCC1OC(=O)C(C)C(OC2CC(C)(OC)C(O)C(C)O2)C(C)C(OC2OC(C)CC(C2O)N(C)C)C(C)(O)CC(C)C(=NOCOCCOC)C(C)C(O)C1(C)O,9.13,0,,,,,,53634107,14398725,2794048,10868069,3452066,670993
Esi+,DTXSID8041242,"2,2,4-Trimethylpentane-1,3-diyl dibenzoate",DTXCID6021242,C22H26O4,354.1831093,CC(C)C(OC(=O)C1=CC=CC=C1)C(C)(C)COC(=O)C1=CC=CC=C1,12.65,0,,,,,,39585668,12906156,2122203,,,
Esi+,DTXSID8041799,Coumatetralyl,DTXCID00209798,C19H16O3,292.1099444,O=C1OC2=C(C=CC=C2)C(=O)C1C1CCCC2=C1C=CC=C2,3.61,0,,,,,,12750932,5918731,952705,,,
Esi+,DTXSID8042137,Methfuroxam,DTXCID6022137,C14H15NO2,229.1102787,CC1=C(C)C(C(=O)NC2=CC=CC=C2)=C(C)O1,6.46,0,,,,,,6456811,2350419,499074,,,
Esi+,DTXSID8042181,N-(3-Chloro-4-methylphenyl)acetamide,DTXCID6022181,C9H10ClNO,183.0450916,CC(=O)NC1=CC(Cl)=C(C)C=C1,5.02,0,,,,,,5597730,2818030,644906,,,
Esi+,DTXSID8042187,"N,N'-Dibutylthiourea",DTXCID6022187,C9H20N2S,188.1347198,CCCCNC(=S)NCCCC,5.65,0,,,,,,8262513,2742162,532648,,,
Esi+,DTXSID8042260,Penconazole,DTXCID6022260,C13H15Cl2N3,283.0643029,CCCC(CN1C=NC=N1)C1=C(Cl)C=C(Cl)C=C1,9.65,0,,,,,,31395503,11120053,2364008,13510758,1190651,436085
Esi+,DTXSID8042424,Sulfaquinoxaline,DTXCID6022424,C14H12N4O2S,300.0680968,NC1=CC=C(C=C1)S(=O)(=O)NC1=CN=C2C=CC=CC2=N1,7.37,0,,,,,,1136864,390320,39072,,,
Esi+,DTXSID8044620,"Trimethyl benzene-1,2,4-tricarboxylate",DTXCID6024620,C12H12O6,252.0633881,COC(=O)C1=CC=C(C(=O)OC)C(=C1)C(=O)OC,4.57,0,,,,,,2941488,1434021,331212,,,
Esi+,DTXSID8044882,Di(ethylene glycol) dimethacrylate,DTXCID6024882,C12H18O5,242.1154237,CC(=C)C(=O)OCCOCCOC(=O)C(C)=C,6.18,0,,,,,,8002034,2729224,557302,,,
Esi+,DTXSID8044913,N-[3-(Dimethylamino)propyl]dodecanamide,DTXCID6024913,C17H36N2O,284.2827638,CCCCCCCCCCCC(=O)NCCCN(C)C,10.01,0,,,,,,67398840,19473298,3460777,,,
Esi+,DTXSID8047050,Nootkatone,DTXCID20210184,C15H22O,218.1670653,CC1CC(=O)C=C2CCC(CC12C)C(C)=C,9.84,0,,,,,,23968214,9850372,1774055,,,
Esi+,DTXSID8047262,CI-1029,DTXCID40210202,C28H37NO4S,483.2443298,CC(C)C1(CCC2=CC=C(N)C=C2)CC(=O)C(SC2=C(C=C(CO)C(C)=C2)C(C)(C)C)C(=O)O1,4.42,0,,,,,,3281718,1335050,283980,,,
Esi+,DTXSID8047268,CI-959,DTXCID1027269,C14H15N5O3S,333.0895605,COC1=CC2=C(SC(C(=O)NC3=NN=NN3)=C2OC(C)C)C=C1,4.03,0,,,,,,2097575,873004,196375,910314,365904,79380
Esi+,DTXSID8047347,SR271425,DTXCID6027347,C22H27N3O3S,413.1773129,CCN(CC)CCNC1=C2C(=O)C3=C(SC2=C(CNC=O)C=C1)C=CC(OC)=C3,4.49,0,,,,,,28305510,6331425,873288,,,
Esi+,DTXSID8047391,SAR102608,DTXCID6027391,C20H16FN5O,361.1338883,CC1=CN(NC(=O)C2=C(C)N=C(N=C2)C2=CC=CC=N2)C2=CC=C(F)C=C12,7.42,0,,,,,,29598822,8895819,1599136,,,
Esi+,DTXSID8047397,Venlafaxine hydrochloride,DTXCID403737,C17H27NO2,277.2041791,COC1=CC=C(C=C1)C(CN(C)C)C1(O)CCCCC1,3.29,0,,,,,,28212128,8624184,1520863,,,
Esi+,DTXSID8048521,PharmaGSID_48521,DTXCID20210280,C31H49N5O4,555.3784551,CCCCC1CN(CC2CCOCC2)C(=O)OC11CCN(CC1)C1(C)CCN(CC1)C(=O)C1=C(C)N=CN=C1C,4.69,0,,,,,,15666522,6952640,1352163,,,
Esi+,DTXSID9020112,Atrazine,DTXCID90112,C8H14ClN5,215.0937732,CCNC1=NC(NC(C)C)=NC(Cl)=N1,5.25,0,,,,,,16933752,6677869,1321615,,,
Esi+,DTXSID9020247,Carbaryl,DTXCID10247,C12H11NO2,201.0789786,CNC(=O)OC1=C2C=CC=CC2=CC=C1,4.49,0,,,,,,12873177,4272749,825001,6865312,1715114,264285
Esi+,DTXSID9020249,Carbofuran,DTXCID70249,C12H15NO3,221.1051933,CNC(=O)OC1=CC=CC2=C1OC(C)(C)C2,4.35,0,,,,,,49114272,13617517,2343210,,,
Esi+,DTXSID9020451,"N,N'-Dicyclohexylthiourea",DTXCID70451,C13H24N2S,240.16602,S=C(NC1CCCCC1)NC1CCCCC1,8.46,0,,,,,,23739938,8188736,1538936,401147,2061739,405675
Esi+,DTXSID9020582,Ethoxyquin,DTXCID70582,C14H19NO,217.1466642,CCOC1=CC2=C(NC(C)(C)C=C2C)C=C1,8.43,0,,,,,,6126745,1627980,220891,,,
Esi+,DTXSID9020740,Indomethacin,DTXCID50740,C19H16ClNO4,357.0767857,COC1=CC2=C(C=C1)N(C(=O)C1=CC=C(Cl)C=C1)C(C)=C2CC(O)=O,6.82,0,,,,,,2996436,1019971,196368,,,
Esi+,DTXSID9021134,1-Phenyl-2-thiourea,DTXCID801134,C7H8N2S,152.0408194,NC(=S)NC1=CC=CC=C1,0.87,0,,,,,,2386920,853377,192555,,,
Esi+,DTXSID9021182,Praziquantel,DTXCID501182,C19H24N2O2,312.183778,O=C(C1CCCCC1)N1CC2N(CCC3=C2C=CC=C3)C(=O)C1,7.33,0,,,,,,24472528,6456586,1348449,,,
Esi+,DTXSID9021184,Prednisolone,DTXCID20209093,C21H28O5,360.193674,CC12CC(O)C3C(CCC4=CC(=O)C=CC34C)C1CCC2(O)C(=O)CO,5.11,0,,,,,,13723627,4863386,998944,,,
Esi+,DTXSID9021188,Probenecid,DTXCID901188,C13H19NO4S,285.1034793,CCCN(CCC)S(=O)(=O)C1=CC=C(C=C1)C(O)=O,3.35,0,,,,,,952708,289513,,,,
Esi+,DTXSID9021217,Pyrimethamine,DTXCID601217,C12H13ClN4,248.0828741,CCC1=NC(N)=NC(N)=C1C1=CC=C(Cl)C=C1,4.42,0,,,,,,13964980,4554488,945867,,,
Esi+,DTXSID9021479,"2,7-Acetylaminofluorene",DTXCID601479,C17H16N2O2,280.1211778,CC(=O)NC1=CC=C2C(CC3=C2C=CC(NC(C)=O)=C3)=C1,2.79,0,,,,,,8045094,3254362,691407,,,
Esi+,DTXSID9022310,Daidzein,DTXCID102310,C15H10O4,254.0579088,OC1=CC=C(C=C1)C1=COC2=C(C=CC(O)=C2)C1=O,3.45,0,,,,,,5721564,2082073,395796,647480,201680,57291
Esi+,DTXSID9022522,Diisobutyl phthalate,DTXCID602522,C16H22O4,278.1518092,CC(C)COC(=O)C1=C(C=CC=C1)C(=O)OCC(C)C,11.06,0,,,,,,44590585,14482907,3417007,7658789,860974,931864
Esi+,DTXSID9022607,Anastrozole,DTXCID202607,C17H19N5,293.1640456,CC(C)(C#N)C1=CC(=CC(CN2C=NC=N2)=C1)C(C)(C)C#N,3.88,0,,,,,,3533001,1095716,206397,,,
Esi+,DTXSID9023380,Norethindrone,DTXCID50208791,C20H26O2,298.1932801,CC12CCC3C(CCC4=CC(=O)CCC34)C1CCC2(O)C#C,7.4,0,,,,,,10710390,4602978,1000325,,,
Esi+,DTXSID9023889,Quizalofop-ethyl,DTXCID903889,C19H17ClN2O4,372.0876847,CCOC(=O)C(C)OC1=CC=C(OC2=CN=C3C=C(Cl)C=CC3=N2)C=C1,11.09,0,,,,,,36823668,14062098,2684044,,,
Esi+,DTXSID9024485,2-Amino-6-methoxybenzothiazole,DTXCID604485,C8H8N2OS,180.0357341,COC1=CC2=C(C=C1)N=C(N)S2,2.22,0,,,,,,16526731,4596754,1040864,,,
Esi+,DTXSID9025035,7-Diethylamino-4-methylcoumarin,DTXCID405035,C14H17NO2,231.1259288,CCN(CC)C1=CC=C2C(C)=CC(=O)OC2=C1,7.55,0,,,,,,39865472,12899201,2456269,,,
Esi+,DTXSID9025588,6-Methyl coumarin,DTXCID105588,C10H8O2,160.0524295,CC1=CC=C2OC(=O)C=CC2=C1,3.53,0,,,,,,3135489,1649454,336127,,,
Esi+,DTXSID9026261,TDCPP,DTXCID206261,C9H15Cl6O4P,427.8839122,ClCC(CCl)OP(=O)(OC(CCl)CCl)OC(CCl)CCl,9.97,1,1,First,,,,939469,536394,,65545,68970,
Esi+,DTXSID9026261,TDCPP,DTXCID206261,C9H15Cl6O4P,427.8839122,ClCC(CCl)OP(=O)(OC(CCl)CCl)OC(CCl)CCl,10.18,1,2,Second,,,,2544699,878107,211628,1251014,362804,99466
Esi+,DTXSID9027441,Octabenzone,DTXCID107441,C21H26O3,326.1881947,CCCCCCCCOC1=CC(O)=C(C=C1)C(=O)C1=CC=CC=C1,15,0,,,,,,21258084,5946043,1038447,,,
Esi+,DTXSID9027443,N-(Butoxymethyl)acrylamide,DTXCID907443,C8H15NO2,157.1102787,CCCCOCNC(=O)C=C,2.31,0,,,,,,2940391,883688,,,,
Esi+,DTXSID9027522,Octrizole,DTXCID107522,C20H25N3O,323.1997624,CC(C)(C)CC(C)(C)C1=CC(N2N=C3C=CC=CC3=N2)=C(O)C=C1,14.95,0,,,,,,17356004,4415409,800871,,,
Esi+,DTXSID9032113,Tebuconazole,DTXCID7012113,C16H22ClN3O,307.14514,CC(C)(C)C(O)(CCC1=CC=C(Cl)C=C1)CN1C=NC=N1,9.79,0,,,,,,31266820,11180632,2257077,13739752,3058170,512864
Esi+,DTXSID9032329,Bensulide,DTXCID7012329,C14H24NO4PS3,397.0605088,CC(C)OP(=S)(OC(C)C)SCCNS(=O)(=O)C1=CC=CC=C1,9.69,0,,,,,,21161403,7233158,1507836,8346767,750437,322360
Esi+,DTXSID9032379,Dithiopyr,DTXCID7012379,C15H16F5NO2S2,401.0542619,CSC(=O)C1=C(N=C(C(C(=O)SC)=C1CC(C)C)C(F)(F)F)C(F)F,11.62,0,,,,,,539171,207914,44277,,,
Esi+,DTXSID9034365,Butafenacil,DTXCID7014365,C20H18ClF3N2O6,474.0805485,CN1C(=O)N(C(=O)C=C1C(F)(F)F)C1=CC(C(=O)OC(C)(C)C(=O)OCC=C)=C(Cl)C=C1,8.97,0,,,,,,383512,172543,22304,,,
Esi+,DTXSID9035753,Ethyl 3-(N-butylacetamido)propionate,DTXCID7015753,C11H21NO3,215.1521435,CCCCN(CCC(=O)OCC)C(C)=O,4.84,0,,,,,,22646644,7443125,1648137,,,
Esi+,DTXSID9036515,Testosterone propionate,DTXCID50209566,C22H32O3,344.2351449,CCC(=O)OC1CCC2C3CCC4=CC(=O)CCC4(C)C3CCC12C,11.37,1,1,First,,,,8124948,,,,,
Esi+,DTXSID9036515,Testosterone propionate,DTXCID50209566,C22H32O3,344.2351449,CCC(=O)OC1CCC2C3CCC4=CC(=O)CCC4(C)C3CCC12C,11.59,1,2,Second,,,,11406576,7525298,1564158,,,
Esi+,DTXSID9037612,Triazophos,DTXCID7017612,C12H16N3O3PS,313.0649996,CCOP(=S)(OCC)OC1=NN(C=N1)C1=CC=CC=C1,8.48,0,,,,,,22623228,8409402,1654560,,,
Esi+,DTXSID9037749,5-Chlorosalicylanilide,DTXCID7017749,C13H10ClNO2,247.0400063,OC1=C(C=C(Cl)C=C1)C(=O)NC1=CC=CC=C1,7.79,0,,,,,,5054689,2429055,643044,,,
Esi+,DTXSID9040134,Vincamine,DTXCID30199092,C21H26N2O3,354.1943427,CCC12CCCN3CCC4=C(C13)N(C1=CC=CC=C41)C(O)(C2)C(=O)OC,4.02,0,,,,,,41903092,11021128,1852033,,,
Esi+,DTXSID9040683,Megestrol acetate,DTXCID90208871,C24H32O4,384.2300595,CC(=O)OC1(CCC2C3C=C(C)C4=CC(=O)CCC4(C)C3CCC12C)C(C)=O,9.35,0,,,,,,31686246,12335775,2409759,,,
Esi+,DTXSID9040760,"{4-[({2-[3-Fluoro-4-(trifluoromethyl)phenyl]-4-methyl-1,3-thiazol-5-yl}methyl)sulfanyl]-2-methylphenoxy}acetic acid",DTXCID7020760,C21H17F4NO3S2,471.0585984,CC1=C(CSC2=CC(C)=C(OCC(O)=O)C=C2)SC(=N1)C1=CC=C(C(F)=C1)C(F)(F)F,10.31,0,,,,,,16323868,7347182,1552673,,,
Esi+,DTXSID9044322,Dodecylamine hydrochloride,DTXCID901984,C12H27N,185.2143499,CCCCCCCCCCCCN,10,0,,,,,,15896447,4978894,1079845,4233709,1293608,238225
Esi+,DTXSID9044538,C.I. Disperse Orange 37,DTXCID7024538,C17H15Cl2N5O2,391.0602801,CCN(CCC#N)C1=CC=C(C=C1)N=NC1=C(Cl)C=C(C=C1Cl)[N+]([O-])=O,10.77,0,,,,,,21666140,6869883,1356801,,,
Esi+,DTXSID9044584,Selegiline hydrochloride,DTXCID50197010,C13H17N,187.1360996,CC(CC1=CC=CC=C1)N(C)CC#C,5.08,0,,,,,,26177176,9043199,1628969,,,
Esi+,DTXSID9044821,"Ethyl 2-cyano-3,3-diphenylacrylate",DTXCID7024821,C18H15NO2,277.1102787,CCOC(=O)C(C#N)=C(C1=CC=CC=C1)C1=CC=CC=C1,8.72,0,,,,,,6416372,2588923,462062,,,
Esi+,DTXSID9044879,"2,2'-(Oxydimethanediyl)bis(2-ethylpropane-1,3-diol)",DTXCID7024879,C12H26O5,250.1780239,CCC(CO)(CO)COCC(CC)(CO)CO,2.03,0,,,,,,1414070,686205,201426,,,
Esi+,DTXSID9046992,Nicardipine hydrochloride,DTXCID90197195,C26H29N3O6,479.2056357,COC(=O)C1C(C2=CC(=CC=C2)[N+]([O-])=O)C(C(=O)OCCN(C)CC2=CC=CC=C2)=C(C)N=C1C,9.84,0,,,,,,110003704,35120252,5778530,,,
Esi+,DTXSID9047174,Bis(2-butoxyethyl) phthalate,DTXCID7027174,C20H30O6,366.2042387,CCCCOCCOC(=O)C1=CC=CC=C1C(=O)OCCOCCCC,11.47,0,,,,,,53075636,20854500,4258086,,,
Esi+,DTXSID9047251,CP-122721,DTXCID90210196,C20H23F3N2O2,380.1711625,COC1=C(CNC2CCCNC2C2=CC=CC=C2)C=C(OC(F)(F)F)C=C1,7.82,0,,,,,,49730336,15141258,2616126,,,
Esi+,DTXSID9047253,CP-401387,DTXCID10210198,C23H29N3O2,379.2259772,CCC1=NN(C2CCCCC2)C2=CC(=CC=C12)C1(CCC(CC1)C(O)=O)C#N,8.42,0,,,,,,6889208,2929348,575939,,,
Esi+,DTXSID9047257,Zamifenacin,DTXCID20197345,C27H29NO3,415.2147438,C(CC1=CC=C2OCOC2=C1)N1CCCC(C1)OC(C1=CC=CC=C1)C1=CC=CC=C1,9.98,0,,,,,,44587744,15044146,2218426,,,
Esi+,DTXSID9047259,PharmaGSID_47259,DTXCID6027260,C13H14Cl2N2,268.0534039,ClC1=CC2=C(CN3CCCCCC3=N2)C(Cl)=C1,3.87,0,,,,,,15937908,4579847,918980,,,
Esi+,DTXSID9047542,Picoxystrobin,DTXCID00810409,C18H16F3NO4,367.1031425,COC=C(C(=O)OC)C1=CC=CC=C1COC1=CC=CC(=N1)C(F)(F)F,9.73,0,,,,,,43798084,15774130,2790748,,,
Esi+,DTXSID9048512,Ro 23-7637,DTXCID2028486,C33H40N2O,480.3140639,O=C(CCCCCCCCC1=CN=CC=C1)N1CCC(CC1)C=C(C1=CC=CC=C1)C1=CC=CC=C1,13.74,0,,,,,,214543895,59859255,9020628,,,
Esi+,DTXSID9048518,PharmaGSID_48518,DTXCID301065038,C13H9BrFNO3S2,388.919127,FC1=CC(Br)=C(C=C1)C(=O)NS(=O)(=O)C=CC1=CC=CS1,3.66,0,,,,,,3029113,1450002,294915,,,
